show,season,episode,episode_code,episode_title,url,html_file,status,reason,num_raw_lines,num_dialogue_lines,num_unique_speakers,unique_speakers,falseish_examples
House M.D.,1,1,01x01,Pilot,https://transcripts.foreverdreaming.org/viewtopic.php?t=33324,s01e01_pilot_t33324.html,usable,,579,483,20,Boy|Cameron|Chase|Class|Cuddy|Female Dr On Mini Tv|Foreman|Girl 2|Guy|House|Little Boy|Male Dr On Mini Tv|Melanie|Mother|Nurse|Orange Guy|Rebecca|Sidney|Singing|Wilson,
House M.D.,1,2,01x02,Paternity,https://transcripts.foreverdreaming.org/viewtopic.php?t=40918,s01e02_paternity_t40918.html,skipped,Only 1 speaker-tagged lines found; threshold is 50.,919,1,1,Proves Two Things,The likelihood of a false negative on an R.P.R. test: 30%. || Likelihood of a 16-year-old having sex: roughly 120%.
House M.D.,1,3,01x03,Occam's Razor,https://transcripts.foreverdreaming.org/viewtopic.php?t=40946,s01e03_occam_s_razor_t40946.html,skipped,Only 0 speaker-tagged lines found; threshold is 50.,867,0,0,,
House M.D.,1,4,01x04,Maternity,https://transcripts.foreverdreaming.org/viewtopic.php?t=41166,s01e04_maternity_t41166.html,skipped,Only 2 speaker-tagged lines found; threshold is 50.,785,2,2,Exhibit A|Exhibit B,
House M.D.,1,5,01x05,Damned if You Do,https://transcripts.foreverdreaming.org/viewtopic.php?t=41388,s01e05_damned_if_you_do_t41388.html,skipped,Only 2 speaker-tagged lines found; threshold is 50.,865,2,2,And I Learned Two Things|It's A Good Strategy,
House M.D.,1,6,01x06,The Socratic Method,https://transcripts.foreverdreaming.org/viewtopic.php?t=42785,s01e06_the_socratic_method_t42785.html,usable,,459,390,18,Bergen|Cameron|Chase|Cuddy|Daughter|Er Doc|Er Voice-over|Foreman|House|Lucy|Luke|Mom|Pa|Patient|Social Worker|Voice|Wilson|Wyeth,
House M.D.,1,7,01x07,Fidelity,https://transcripts.foreverdreaming.org/viewtopic.php?t=42786,s01e07_fidelity_t42786.html,usable,,518,472,13,Cameron|Chase|Cuddy|Ed|Elise|Foreman|Friend|House|Jacques|Little Boy|Mrs Campbell|Nurse|Wilson,
House M.D.,1,8,01x08,Poison,https://transcripts.foreverdreaming.org/viewtopic.php?t=42787,s01e08_poison_t42787.html,usable,,489,428,21,Bus Driver|Cameron|Chase|Chi's Dad|Chi's Mom|Cuddy|Foreman|Forman|Georgia|Girl|Girl 1|House|House & Foreman Together|Mark|Matt|Matt's Hallucination Of His Teacher|Mom|Nurse|Real Teacher|Teacher|Wilson,
House M.D.,1,9,01x09,DNR,https://transcripts.foreverdreaming.org/viewtopic.php?t=42788,s01e09_dnr_t42788.html,usable,,99,89,9,Brandy|Cameron|Chase|Cora|Cuddy|Foreman|House|John|Tommy,
House M.D.,1,10,01x10,Histories,https://transcripts.foreverdreaming.org/viewtopic.php?t=42789,s01e10_histories_t42789.html,usable,,551,464,25,Angela|Bouncer|Cameron|Chase|Cuddy|Emt|Foreman|Homeless Man|House|Jane|Jane Doe|Jodi|Nurse|Patient|Policeman|Policeman 1|Policeman 2|Shelley|Short Girl|Student 1|Student 2|Students|Tall Girl|Victoria|Wilson,
House M.D.,1,11,01x11,Detox,https://transcripts.foreverdreaming.org/viewtopic.php?t=42790,s01e11_detox_t42790.html,usable,,560,506,14,Anesthesiologist|Cameron|Chase|Cuddy|Dad|Dr Hourani|Foreman|Hourani|House|Keith|Pam|Pharmacist|Wilson|Woman,
House M.D.,1,12,01x12,Sport Medicine,https://transcripts.foreverdreaming.org/viewtopic.php?t=42791,s01e12_sport_medicine_t42791.html,usable,,501,443,17,Bryan|Cameron|Cameron's Voice|Carol|Chase|Cuddy|Dentist|Foreman|Hank|House|Lola|Man|Nurse|Sharon|Student|Warner|Wilson,
House M.D.,1,13,01x13,Cursed,https://transcripts.foreverdreaming.org/viewtopic.php?t=42792,s01e13_cursed_t42792.html,usable,,516,465,18,Blonde|Both Kids|Cabbie|Cameron|Chase|Cuddy|Dave|Diagnosis|Foreman|Gabe|House|Jeffery|Other Kid|Patient|Rowan|Sarah|Tommy|Wilson,
House M.D.,1,14,01x14,Control,https://transcripts.foreverdreaming.org/viewtopic.php?t=42793,s01e14_control_t42793.html,usable,,392,348,17,Ben|Boardmember|Cameron|Carly|Chase|Cuddy|Foreman|House|Jenny|Rick|Ricky|Robin|Simpson|Surgeon|Tech|Vogler|Wilson,
House M.D.,1,15,01x15,Mob Rules,https://transcripts.foreverdreaming.org/viewtopic.php?t=42794,s01e15_mob_rules_t42794.html,usable,,477,435,13,Bill|Cameron|Chase|Cuddy|Everhardt|Foreman|Henry|House|Joey|Marshall|Paramedic|Vogler|Wilson,
House M.D.,1,16,01x16,Heavy,https://transcripts.foreverdreaming.org/viewtopic.php?t=42795,s01e16_heavy_t42795.html,usable,,612,507,18,Cameron|Cashier|Chase|Clementine|Cuddy|Foreman|House|Jessica|Lucille|Mom|Mom's Voice|Mr Conroy|Mr Hernandez|Ms Ayers|Seth|Some Classmate|Vogler|Wilson,
House M.D.,1,17,01x17,Role Model,https://transcripts.foreverdreaming.org/viewtopic.php?t=42796,s01e17_role_model_t42796.html,usable,,433,385,13,Cameron|Chase|Clinic Nurse|Cuddy|Foreman|House|Sarah|Senator|Staffer|Union Guy|Various Staffers|Vogler|Wilson,
House M.D.,1,18,01x18,Babies & Bathwater,https://transcripts.foreverdreaming.org/viewtopic.php?t=42797,s01e18_babies_bathwater_t42797.html,usable,,511,473,19,Anesthesiologist|Chase|Cuddy|Dr Simpson|Female Doctor|Foreman|Foreman's Voice|House|Joel|Lim|Ms Friedman|Naomi|Officer|Patient|Prather|Rachel|Sean|Vogler|Wilson,
House M.D.,1,19,01x19,Kids,https://transcripts.foreverdreaming.org/viewtopic.php?t=42798,s01e19_kids_t42798.html,usable,,494,437,21,A Coach|Announcer|Brenda|Cameron|Chase|Coach|Cuddy|Dr Gilmar|Dr Marks|Dr Spain|Foreman|House|Kid|Mary|Mr Carroll|Mrs Carroll|Nurse|Overhead Speaker Voice|Patient|Person|Wilson,
House M.D.,1,20,01x20,Love Hurts,https://transcripts.foreverdreaming.org/viewtopic.php?t=42799,s01e20_love_hurts_t42799.html,usable,,483,441,18,Annette|Brenda|Cameron|Chase|Cuddy|Foreman|Harvey|House|Lawyer|Mr Park|Mrs Park|Myron|Pharmacist|Ramona|Some Guy|Surgeon|Wilson|Wilson & Some Guy,
House M.D.,1,21,01x21,Three Stories,https://transcripts.foreverdreaming.org/viewtopic.php?t=42800,s01e21_three_stories_t42800.html,usable,,503,427,20,A Voice|Brenda|Cameron|Caring|Carmen|Chase|Cuddy|Farmer|Foreman|House|Keen|Late 30s Man|New Jersey|Nurse|Rebellious|Someone|Stacy|Volleyball Player|Volleyball Player's Mother|Wilson,
House M.D.,1,22,01x22,Honeymoon,https://transcripts.foreverdreaming.org/viewtopic.php?t=42801,s01e22_honeymoon_t42801.html,usable,,424,388,9,Cameron|Chase|Cuddy|Foreman|House|Mark|Paramedic|Stacy|Wilson,
House M.D.,2,1,02x01,Acceptance,https://transcripts.foreverdreaming.org/viewtopic.php?t=42802,s02e01_acceptance_t42802.html,usable,,446,398,16,Cameron|Chase|Cindy|Clarence|Cuddy|Foreman|Guard|House|Inmate|James|Lawyer|Man|Stacy|Warden|Wilson|Woman,"Guy with bandages all around his face: Perhaps I’ll come out looking just as monstrous? I mean, isn’t that what I deserv"
House M.D.,2,2,02x02,Autopsy,https://transcripts.foreverdreaming.org/viewtopic.php?t=43059,s02e02_autopsy_t43059.html,usable,,467,408,20,Andie|Anesthesiologist 1|Anesthesiologist 2|Cameron|Chase|Cuddy|Doctor 1|Doctor 2|Foreman|Girl|House|Mom|Murphy|Neuro|Neuro 1|Neuro 2|Nurse|Patient|Salesman|Wilson,
House M.D.,2,3,02x03,Humpty Dumpty,https://transcripts.foreverdreaming.org/viewtopic.php?t=43060,s02e03_humpty_dumpty_t43060.html,usable,,645,458,12,Alfredo|Brother|Cameron|Chase|Cuddy|Foreman|House|Manny|Mother|Patient|Stacy|Wilson,
House M.D.,2,4,02x04,TB Or Not TB,https://transcripts.foreverdreaming.org/viewtopic.php?t=43061,s02e04_tb_or_not_tb_t43061.html,usable,,513,475,12,Cameron|Cecelia|Chase|Cuddy|Foreman|Houes|House|Jerry|Mandy|Sebastian|Villager|Wilson,
House M.D.,2,5,02x05,Daddy's Boy,https://transcripts.foreverdreaming.org/viewtopic.php?t=43062,s02e05_daddy_s_boy_t43062.html,usable,,633,529,18,Cameron|Carnell|Chase|Cuddy|Dad|Foreman|Girl|House|Ken|Kid|Kid 2|Mom|Nurse|Older Guy|Paramedic|Surgeon|Taddy|Wilson,
House M.D.,2,6,02x06,Spin,https://transcripts.foreverdreaming.org/viewtopic.php?t=43063,s02e06_spin_t43063.html,usable,,542,455,18,Announcer|Cameron|Chase|Cuddy|Dad|Dr Harper|Foreman|House|Jeff|Kid 1|Kid 2|Manager|Mark|Mom|Mopping Guy|Patient|Stacy|Wilson,
House M.D.,2,7,02x07,Hunting,https://transcripts.foreverdreaming.org/viewtopic.php?t=43064,s02e07_hunting_t43064.html,usable,,497,424,11,Cameron|Chase|Cuddy|Dad|Doctor|Foreman|House|Kalvin|Mark|Stacy|Wilson,
House M.D.,2,8,02x08,The Mistake,https://transcripts.foreverdreaming.org/viewtopic.php?t=43065,s02e08_the_mistake_t43065.html,usable,,590,483,18,Ayersman|Cameron|Chase|Chuck|Cuddy|Doctor|Dory|Foreman|Head Doc|House|Kayla|Magician Boy On Stage|Nicky|Paramedic|Patient|Sam|Stacy|Wilson,
House M.D.,2,9,02x09,Deception,https://transcripts.foreverdreaming.org/viewtopic.php?t=43066,s02e09_deception_t43066.html,usable,,469,430,14,Anica|Cameron|Chase|Cuddy|Doctor|Foreman|House|Lab Tech|Man|Race Announcer|Taxi Driver|Teller|Wilson|Woman,"Man in line in front of House: Um, sixth race at Golden Downs; I'll take the two and the four. Hey, that's my birthday! "
House M.D.,2,10,02x10,Failure to Communicate,https://transcripts.foreverdreaming.org/viewtopic.php?t=43067,s02e10_failure_to_communicate_t43067.html,usable,,529,435,16,Announcement|Announcer In The Airport|Cameron|Chase|Cuddy|Elizabeth|Fletcher|Foreman|Greta|House|Kid's Mother|Medicaid Guy|Nurse|Security Guy|Stacy|Wilson,
House M.D.,2,11,02x11,Need to Know,https://transcripts.foreverdreaming.org/viewtopic.php?t=43068,s02e11_need_to_know_t43068.html,usable,,520,459,18,Cam|Cameron|Chase|Commentator 1|Commentator 2|Cuddy|Daughter|Foreman|Friend|Friends|House|Margo|Mark|Mom|Stacy|Stella|Ted|Wilson,
House M.D.,2,12,02x12,Distractions,https://transcripts.foreverdreaming.org/viewtopic.php?t=43069,s02e12_distractions_t43069.html,usable,,552,477,17,Adam|Anesthesiologist|Brenda|Cameron|Chase|Cuddy|Doctor|Doug|Emily|Foreman|House|Nurse|Paramedic|Paula|Stranger At The Door|Weber|Wilson,
House M.D.,2,13,02x13,Skin Deep,https://transcripts.foreverdreaming.org/viewtopic.php?t=43070,s02e13_skin_deep_t43070.html,usable,,452,411,15,Alex|Austin|Cameron|Chase|Cuddy|Dad|Foreman|Forman|George|House|Model|Nurse|Social Worker|Wilson|Woman,Commercial Break: Buy things! || Commercial Break: Buy Stuff!!
House M.D.,2,14,02x14,Sex Kills,https://transcripts.foreverdreaming.org/viewtopic.php?t=43071,s02e14_sex_kills_t43071.html,usable,,518,432,18,Amy|Cameron|Cecile|Chase|Cuddy|Doctor|Donald|Ellen|Foreman|Henry|House|Man|Nurse|Nurses|Patient|Simpson|Wilson|Woman,
House M.D.,2,15,02x15,Clueless,https://transcripts.foreverdreaming.org/viewtopic.php?t=43072,s02e15_clueless_t43072.html,usable,,515,473,17,Answering Machine|Bob|Cameron|Chase|Cuddy|Foreman|House|Lady|Man|Maria|Message|Mr Lambert|Mrs Lambert|Phone|Scale|Wilson|Woman,
House M.D.,2,16,02x16,Safe,https://transcripts.foreverdreaming.org/viewtopic.php?t=43073,s02e16_safe_t43073.html,usable,,545,466,11,Barbara|Cameron|Chase|Cuddy|Dan|Foreman|House|Lewis|Melinda|Voice Replies|Wilson,
House M.D.,2,17,02x17,All in,https://transcripts.foreverdreaming.org/viewtopic.php?t=43074,s02e17_all_in_t43074.html,usable,,559,477,16,Alan|Cameron|Chase|Cuddy|Dr Wells|Foreman|House|Ian|Mike|Nurse|Over The Announcement System|Sarah|Teacher|Voice|Wilson|Woman,
House M.D.,2,18,02x18,Sleeping Dogs Lie,https://transcripts.foreverdreaming.org/viewtopic.php?t=43075,s02e18_sleeping_dogs_lie_t43075.html,usable,,597,504,12,Cameron|Chase|Cuddy|Daughter|Foreman|Forman|Hannah|House|Mandarin Woman|Max|Surgeon|Wilson,
House M.D.,2,19,02x19,House vs God,https://transcripts.foreverdreaming.org/viewtopic.php?t=43076,s02e19_house_vs_god_t43076.html,usable,,490,400,14,Boyd|Bus Stop Guy|Cameron|Chase|Cuddy|Dry Cleaner|Drycleaner|Foreman|Grace|House|Person|Tax Accountant|Walter|Wilson,
House M.D.,2,20,02x20,Euhoria Part 1,https://transcripts.foreverdreaming.org/viewtopic.php?t=43077,s02e20_euhoria_part_1_t43077.html,usable,,565,451,13,Babyshoes|Cameron|Chase|Cop|Cuddy|Female Cop|Foeman|Foreman|Guy|House|Joe|Jose|Wilson,
House M.D.,2,21,02x21,Euhoria Part 2,https://transcripts.foreverdreaming.org/viewtopic.php?t=43078,s02e21_euhoria_part_2_t43078.html,usable,,478,442,10,Cameron|Chase|Cuddy|Foreman|Girl|House|Mother|Offstage Male|Rodney|Wilson,
House M.D.,2,22,02x22,Forever,https://transcripts.foreverdreaming.org/viewtopic.php?t=43079,s02e22_forever_t43079.html,usable,,462,396,10,Brent|Cameron|Chase|Cuddy|Emt|Foreman|House|Kara|Nurse|Wilson,
House M.D.,2,23,02x23,Who's Your Daddy,https://transcripts.foreverdreaming.org/viewtopic.php?t=43080,s02e23_who_s_your_daddy_t43080.html,usable,,415,379,17,Cameron|Chase|Crandall|Cuddy|Cuddy's Voice|Foreman|House|House's Answering Machine|Ingrid|Jesse Baker|Leona|Mother|Patrick|Son|Wilson|Wilson's Voice|Woman's Voice,
House M.D.,2,24,02x24,No Reason,https://transcripts.foreverdreaming.org/viewtopic.php?t=43081,s02e24_no_reason_t43081.html,usable,,448,411,9,Cameron|Chase|Cuddy|Foreman|House|Jack|Vince|Wilson|Woman,
House M.D.,3,1,03x01,Meaning,https://transcripts.foreverdreaming.org/viewtopic.php?t=43082,s03e01_meaning_t43082.html,usable,,496,413,10,Arlene|Cameron|Caren|Chase|Cuddy|Foreman|House|Mark|Surgeon|Wilson,
House M.D.,3,2,03x02,Cane & Able,https://transcripts.foreverdreaming.org/viewtopic.php?t=43105,s03e02_cane_able_t43105.html,usable,,452,409,12,Alien|Brenda|Cameron|Chase|Clancy|Cuddy|Dad|Foreman|House|Mom|Richard|Wilson,
House M.D.,3,3,03x03,Informed Consent,https://transcripts.foreverdreaming.org/viewtopic.php?t=43106,s03e03_informed_consent_t43106.html,usable,,481,407,14,Ali|Cameron|Chase|Cuddy|Dad|Daughter|Doctor|Either|Ezra|Foreman|House|Nurse|Powell|Wilson,
House M.D.,3,4,03x04,Lines In The Sand,https://transcripts.foreverdreaming.org/viewtopic.php?t=43107,s03e04_lines_in_the_sand_t43107.html,usable,,493,414,14,Ali|Brenda|Cameron|Chase|Cuddy|Dominic|Foreman|House|Nurse|Patient 1|Patient 2|Sarah|Surgeon|Wilson,
House M.D.,3,5,03x05,Fools For Love,https://transcripts.foreverdreaming.org/viewtopic.php?t=43108,s03e05_fools_for_love_t43108.html,usable,,537,489,16,Cameron|Chase|Cuddy|Foreman|House|Jeremy|Jeremy's Dad|Tough Guy1|Tough Guy2|Toughguy1|Tracy|Tritter|Waiter|Waitress|Wendy|Wilson,
House M.D.,3,6,03x06,Que Serà Serà,https://transcripts.foreverdreaming.org/viewtopic.php?t=43109,s03e06_que_ser_ser_t43109.html,usable,,519,441,21,Brenda|Cameron|Chase|Cuddy|Fireman1|Fireman2|Fireman3|Fireman4|Fireman5|Fireman6|Foreman|George|House|Lawyer|Nurse|Paramedic|Patient|Sophie|Tritter|Vagrant|Wilson,
House M.D.,3,7,03x07,Son of Coma Guy,https://transcripts.foreverdreaming.org/viewtopic.php?t=43110,s03e07_son_of_coma_guy_t43110.html,usable,,608,413,10,Cameron|Chase|Cuddy|Foreman|Gabe|House|Kyle|Mrs Schaeffer|Tritter|Wilson,
House M.D.,3,8,03x08,Whack-a-mole,https://transcripts.foreverdreaming.org/viewtopic.php?t=43111,s03e08_whack_a_mole_t43111.html,usable,,757,518,22,Beth|Boy|Cameron|Chase|Cuddy|Elderly Guy|Foreman|Girl|House|Hurse|Jack|Kama|Lawyer|Marko|Nurse|Officer|Paramedic 1|Patient|Ralphie|Ralphie & Jack|Will|Wilson,
House M.D.,3,9,03x09,Finding Judas,https://transcripts.foreverdreaming.org/viewtopic.php?t=43112,s03e09_finding_judas_t43112.html,usable,,729,503,13,Alice|Cameron|Chase|Cuddy|Edie|Female Donor|Foreman|House|Judge|Nurse|Rob|Tritter|Wilson,
House M.D.,3,10,03x10,Merry Little Christmas,https://transcripts.foreverdreaming.org/viewtopic.php?t=43113,s03e10_merry_little_christmas_t43113.html,usable,,505,446,13,Abigail|Cameron|Chase|Cuddy|Doctor|Foreman|House|Little Girl|Maddy|Mrs Zebalusky|Pharmacist|Tritter|Wilson,
House M.D.,3,11,03x11,Words and Deeds,https://transcripts.foreverdreaming.org/viewtopic.php?t=43114,s03e11_words_and_deeds_t43114.html,usable,,508,410,21,Amy|Anethesiologist|Brock|Cameron|Chase|Cuddy|Defence Lawyer|Derek|Foreman|House|Judge|Nurse|Prosecuter|Prosecution|Prosecutor|Random Firefighter|Therapist|Tritter|Voldemort|Wilson|Woman,
House M.D.,3,12,03x12,"One Day, One Room",https://transcripts.foreverdreaming.org/viewtopic.php?t=43115,s03e12_one_day_one_room_t43115.html,usable,,714,526,26,Bashful Old Lady|Cameron|Chase|Cuddy|Dad|Doctor|Dr Stone|Ear Guy|Eve|Fifty-buck Dad|Fifty-buck Son|Foreman|Hiccup Guy|Homeless Old Guy|House|Lady|Marko|Nurse|Old Guy|Pharmacist|Pulse Dude|Runny-nose Guy|Sherlock Nose|Stomach Lady|Tongue Guy|Wilson,
House M.D.,3,13,03x13,Needle In a Haystack,https://transcripts.foreverdreaming.org/viewtopic.php?t=43116,s03e13_needle_in_a_haystack_t43116.html,usable,,534,500,18,Cameron|Chase|Cop|Cuddy|Dr Simpson|Foreman|Franklin|House|Judy|Leah|Man|Mother|Nurse|Steve|Stevie|Whitner|Wilson|Woman,
House M.D.,3,14,03x14,Insensitive,https://transcripts.foreverdreaming.org/viewtopic.php?t=43117,s03e14_insensitive_t43117.html,usable,,511,475,15,Bev|Cameron|Chase|Cuddy|Cynthia|Don|Female Surgeon|Foreman|Hannah|House|Nurse|Operator|Surgeon|Wendy|Wilson,
House M.D.,3,15,03x15,Half-Wit,https://transcripts.foreverdreaming.org/viewtopic.php?t=43118,s03e15_half_wit_t43118.html,usable,,695,487,12,Cameron|Chase|Cuddy|Dr Medick|Dr Obyedkov|Foreman|House|Nurse|Patient|Patrick|Voice|Wilson,
House M.D.,3,16,03x16,Top Secret,https://transcripts.foreverdreaming.org/viewtopic.php?t=43119,s03e16_top_secret_t43119.html,usable,,517,442,10,Cameron|Chase|Cuddy|Foreman|House|John|Marine 1|Nurse|Wilson|Woman,
House M.D.,3,17,03x17,Fetal Position,https://transcripts.foreverdreaming.org/viewtopic.php?t=43120,s03e17_fetal_position_t43120.html,usable,,518,470,12,Cameron|Chase|Cuddy|Emma|Foreman|House|Naomi|Phone|Surgeon|Tyson|Tyson Ritter|Wilson,
House M.D.,3,18,03x18,Airborne,https://transcripts.foreverdreaming.org/viewtopic.php?t=43121,s03e18_airborne_t43121.html,usable,,747,494,19,Air Cameron|Air Chase|Air Foreman|Cameron|Chase|Clueless Wife|Cuddy|Cue Music|Foreman|Fran|Frightened Passenger 1|Frightened Passenger 2|House|Joy|Keo|Noisy Girl|Peng|Robin|Wilson,
House M.D.,3,19,03x19,Act Your Age,https://transcripts.foreverdreaming.org/viewtopic.php?t=43122,s03e19_act_your_age_t43122.html,usable,,576,494,13,Cameron|Chase|Cuddy|Deran|Foreman|House|Janie|Jasper|Little Girl|Lucy|Patient|Security Guard|Wilson,
House M.D.,3,20,03x20,House Training,https://transcripts.foreverdreaming.org/viewtopic.php?t=43123,s03e20_house_training_t43123.html,usable,,417,381,13,Bonnie|Cameron|Chase|Cuddy|Foreman|House|Lupe|Man|Mr Foreman|Mrs Foreman|Nurse|Wilson|Young Man,
House M.D.,3,21,03x21,Family,https://transcripts.foreverdreaming.org/viewtopic.php?t=43124,s03e21_family_t43124.html,usable,,660,463,13,Cameron|Chase|Claudia|Cuddy|Foreman|Foremman|House|Matty|Nick|Salesman|Scott|Surgeon|Wilson,
House M.D.,3,22,03x22,Resignation,https://transcripts.foreverdreaming.org/viewtopic.php?t=43125,s03e22_resignation_t43125.html,usable,,477,425,14,Addie|Ben|Cameron|Chase|Cuddy|Foreman|Guy|Honey|House|Jodie|Patient|Steve|Teacher|Wilson,
House M.D.,3,23,03x23,The Jerk,https://transcripts.foreverdreaming.org/viewtopic.php?t=43126,s03e23_the_jerk_t43126.html,usable,,749,509,15,Ben|Cameron|Chase|Cuddy|Cue Music|Doug|Enid|Female Proctor|Foreman|House|Nate|Nick|Nurse|Proctor|Wilson,
House M.D.,3,24,03x24,Human Error,https://transcripts.foreverdreaming.org/viewtopic.php?t=43127,s03e24_human_error_t43127.html,usable,,512,418,19,Cameron|Chase|Cuddy|Doctor|Esteban|Fisher|Foreman|House|Marina|Nurse|Pilot|Rescuer1|Rescuer2|Rescuer3|Student1|Student2|Student3|Surgeon|Wilson,
House M.D.,4,1,04x01,Alone,https://transcripts.foreverdreaming.org/viewtopic.php?t=43128,s04e01_alone_t43128.html,usable,,725,482,18,Ben Prosner|Cuddy|Doctor|Doub Mcmurtry|House|Imelda|Leon The Janitor|Liz Masters|Male Nurse|Megan Bradberry|Mrs Bradberry|Sam Lee|Surgeon|The Guitarnapper|Trevor Kaufman|Trevor's Roommate|Wilson|Young Doctor,FLASHBACK: [Megan's Office. Day. Megan speaks to Ben on her cell phone.] || FLASHBACK: [Camera zooms towards Megan. Camera zooms towards Liz.]
House M.D.,4,2,04x02,The Right Stuff,https://transcripts.foreverdreaming.org/viewtopic.php?t=43129,s04e02_the_right_stuff_t43129.html,usable,,502,247,8,Big Eye|Cameron|Chase|Cuddy|Greta|House|Man|Wilson,
House M.D.,4,3,04x03,97 Seconds,https://transcripts.foreverdreaming.org/viewtopic.php?t=43130,s04e03_97_seconds_t43130.html,usable,,767,502,22,Almore|Amber|Brennan|Cameron|Chase|Cole|Cuddy|Dobson|Female Fellow|Foreman|Handsome Fellow|House|Jody|Kutner|Latino Fellow|Schaffer|Stark|Taub|Thirteen|Twin 15a|Twin 15b|Wilson,
House M.D.,4,4,04x04,Guardian Angels,https://transcripts.foreverdreaming.org/viewtopic.php?t=43131,s04e04_guardian_angels_t43131.html,usable,,793,513,18,Amber|Cameron|Chase|Connie Walesa|Cuddy|Dr Brady|Dr Pilcher|Foreman|Henry Dobson|House|Irene Walesa|Jeffrey Cole|Kutner|Martin|Old Gentleman|Taub|Travis Brennan|Wilson,
House M.D.,4,5,04x05,"Mirror, Mirror",https://transcripts.foreverdreaming.org/viewtopic.php?t=43132,s04e05_mirror_mirror_t43132.html,usable,,576,498,17,Amber|Brennan|Cameron|Chase|Cole|Cuddy|Foreman|Guy 1|Guy 2|Guy 2 Tony|House|Kutner|Man|Patient|Taub|Tony|Wilson,
House M.D.,4,6,04x06,Whatever It Takes,https://transcripts.foreverdreaming.org/viewtopic.php?t=43133,s04e06_whatever_it_takes_t43133.html,usable,,732,508,19,Agent Smith|Amber|Announcer's Voice|Cameron|Casey Alfonso|Chase|Cuddy|Foreman|House|Jeffrey Cole|John|Kutner|Lou Alfonso|Reporter|Samira Terzi|Sidney Curtis|Taub|Travis Brennan|Wilson,
House M.D.,4,7,04x07,Ugly,https://transcripts.foreverdreaming.org/viewtopic.php?t=43134,s04e07_ugly_t43134.html,usable,,945,568,25,Anesthesiologist|Cameron|Chase|Cole|Cranio Surgeon|Cuddy|Darnell|Doctor|Ex-partner|Father|Female Patient|Foreman|House|Jenny|Joe|Kenny|Kutner|Male Patient|Surgeon|Taub|Taub Gets Up Obediently|Terzi|Thirteen|Volakis|Wilson,POTW'S ROOM - Taub shows the film to Cuddy; House lurks off to the side.
House M.D.,4,8,04x08,You Don't Want to Know,https://transcripts.foreverdreaming.org/viewtopic.php?t=43135,s04e08_you_don_t_want_to_know_t43135.html,usable,,537,415,13,Amber|Cole|Cuddy|Finn|Foreman|House|Ilana|Kutner|Nurse|Surgeon|Taub|Wilson|Woman,
House M.D.,4,9,04x09,Games,https://transcripts.foreverdreaming.org/viewtopic.php?t=43136,s04e09_games_t43136.html,usable,,762,490,17,Amber|Cameron|Chase|Chris|Club Owner|Cuddy|Foreman|Fred|House|Ian|Jimmy Quidd|Kutner|Luisa Maria|Mr Mckenna|Rex|Taub|Wilson,
House M.D.,4,10,04x10,It's a Wonderful Lie,https://transcripts.foreverdreaming.org/viewtopic.php?t=43137,s04e10_it_s_a_wonderful_lie_t43137.html,usable,,703,548,14,Chase|Coach|Cuddy|Foreman|House|Jane|Kutner|Maggie|Melanie|Roger|Taub|Thirteen|Thirteenforeman|Wilson,
House M.D.,4,11,04x11,Frozen,https://transcripts.foreverdreaming.org/viewtopic.php?t=43138,s04e11_frozen_t43138.html,usable,,523,473,10,Amber|Cameron|Cate|Cuddy|Foreman|House|Kutner|Sean|Taub|Wilson,
House M.D.,4,12,04x12,Don't Ever Change,https://transcripts.foreverdreaming.org/viewtopic.php?t=43139,s04e12_don_t_ever_change_t43139.html,usable,,734,462,13,Amber|Chase|Cuddy|Foreman|House|Jewish Guest|Jewish Lady|Kutner|Mrs Silver|Roz Viner|Taub|Wilson|Yonatan Arnoff,"FLASHBACK: [Roz's Wedding. Roz sits in her wedding dress.] || FLASHBACK: [Roz's Wedding. As part of the ritual, Yonatan takes a sip of water, as does Roz.] || FLASHBACK: [Roz's wedding. She's hoisted up on a chair and rocked up and down.]"
House M.D.,4,13,04x13,No More Mr. Nice Guy,https://transcripts.foreverdreaming.org/viewtopic.php?t=43140,s04e13_no_more_mr_nice_guy_t43140.html,usable,,562,519,16,Amber|Cameron|Chase|Cuddy|Deb|Delivery Man|Female Soap Character|Foreman|Guy|House|Jeff|Kutner|Male Soap Character|Taub|Thirteen|Wilson,
House M.D.,4,14,04x14,Living the Dream,https://transcripts.foreverdreaming.org/viewtopic.php?t=43469,s04e14_living_the_dream_t43469.html,usable,,556,489,20,Amber|Anna|Brock|Cameron|Chase|Conway|Cuddy|Director|Evan|Foreman|House|House & Evan|Kutner|Marie|Pharmacist|Salesman|Taub|Technician|Thirteen|Wilson,
House M.D.,4,15,04x15,House's Head,https://transcripts.foreverdreaming.org/viewtopic.php?t=43470,s04e15_house_s_head_t43470.html,usable,,506,451,19,Amber|Ann|Bartender|Bus Driver|Cameron|Chase|Cuddy|Dancer|Emo Guy|Foreman|House|Kutner|Mystery Woman|Nurse|Paramedic|Taub|Thirteen|Wheelchair Guy|Wilson,
House M.D.,4,16,04x16,Wilson's Heart,https://transcripts.foreverdreaming.org/viewtopic.php?t=43471,s04e16_wilson_s_heart_t43471.html,usable,,740,388,11,Amber|Attending Doctor|Bartender|Chase|Cuddy|Cue Music|Foreman|House|Kutner|Taub|Wilson,
House M.D.,5,1,05x01,Dying Changes Everything,https://transcripts.foreverdreaming.org/viewtopic.php?t=43472,s05e01_dying_changes_everything_t43472.html,usable,,531,458,15,Cameron|Ceo|Chase|Cuddy|Female Doctor|Flunky|Foreman|House|Kutner|Lou|Patient|Patty|Taub|Thirteen|Wilson,
House M.D.,5,2,05x02,Not Cancer,https://transcripts.foreverdreaming.org/viewtopic.php?t=43473,s05e02_not_cancer_t43473.html,usable,,513,455,21,Apple|Chase|Child's Voice|Cuddy|Foreman|Forman|Frank's Wife|House|House & Lucas|Kutner|Lucas|Male Nurse|Man|Mom|Nurse|O'shea|Surgeon|Target|Taub|Thirteen|Wilson,
House M.D.,5,3,05x03,Adverse Events,https://transcripts.foreverdreaming.org/viewtopic.php?t=43474,s05e03_adverse_events_t43474.html,usable,,548,474,16,Anthony|Brandon|Chase|Cuddy|Foreman|Heather|House|Kutner|Lucas|Lucase|Man|Nurse|Rachel|Susan|Taub|Thirteen,
House M.D.,5,4,05x04,Birthmarks,https://transcripts.foreverdreaming.org/viewtopic.php?t=43475,s05e04_birthmarks_t43475.html,usable,,487,404,16,Blythe|Bob|Cameron|Chase|Costello|Cuddy|Fang Dong Wen|Foreman|House|Janice|Kutner|Minister & Mourners|Nicole|Taub|Thirteen|Wilson,
House M.D.,5,5,05x05,Lucky Thirteen,https://transcripts.foreverdreaming.org/viewtopic.php?t=43476,s05e05_lucky_thirteen_t43476.html,usable,,507,413,13,Cameron|Chase|Cuddy|Emt|Foreman|House|House & Foreman Together|Kutner|Lucas|Spencer|Taub|Thirteen|Wilson,
House M.D.,5,6,05x06,Joy,https://transcripts.foreverdreaming.org/viewtopic.php?t=43477,s05e06_joy_t43477.html,usable,,569,496,13,Becca|Cameron|Chase|Cuddy|Foreman|House|Jerry|Kutner|Sadie|Samantha|Taub|Thirteen|Wilson,
House M.D.,5,7,05x07,The Itch,https://transcripts.foreverdreaming.org/viewtopic.php?t=43478,s05e07_the_itch_t43478.html,blocked_or_challenge_page,"This local HTML file is an Anubis/bot-check/loading page, not a transcript.",0,0,0,,
House M.D.,5,8,05x08,Emancipation,https://transcripts.foreverdreaming.org/viewtopic.php?t=43479,s05e08_emancipation_t43479.html,usable,,602,490,18,Cameron|Chase|Cuddy|Doug|Evan|Foreman|Girl|House|Jonah|Kutner|Maria|Melinda|Nurse|Sophia|Taub|Thirteen|Valez|Wilson,
House M.D.,5,9,05x09,Last Resort,https://transcripts.foreverdreaming.org/viewtopic.php?t=43480,s05e09_last_resort_t43480.html,usable,,504,388,20,Bill|Bowman|Cameron|Chase|Cop|Cuddy|Foreman|House|Jason|Kutner|Larry|Mitch|Nikki|Oliver|Regina|Sandra|Sandra's Husband|Taub|Thirteen|Wilson,
House M.D.,5,10,05x10,Let Them Eat Cake,https://transcripts.foreverdreaming.org/viewtopic.php?t=43481,s05e10_let_them_eat_cake_t43481.html,usable,,533,446,17,Cameron|Chase|Cudddy|Cuddy|Deedee|Director|Emmy|Foreman|House|Irv|Kutner|Mr Hadley|Nurse|Other Visitors|Taub|Thirteen|Wilson,
House M.D.,5,11,05x11,Joy to the World,https://transcripts.foreverdreaming.org/viewtopic.php?t=43482,s05e11_joy_to_the_world_t43482.html,usable,,497,421,26,Anna|Announcer|Cameron|Chase|Chorus|Cuddy|Ensemble|Foreman|Geoff|House|Janice|Jonathan|Kutner|Michael|Mr Soellner|Mrs Soellner|Natalie|Rachelle|Sarah|Schmidt|Simon|Taub|Thirteen|Whitney|Wilson|Woman,
House M.D.,5,12,05x12,Painless,https://transcripts.foreverdreaming.org/viewtopic.php?t=43483,s05e12_painless_t43483.html,usable,,498,411,19,Cameron|Carlton|Carrick|Chase|Cuddy|Fernando|Foreman|House|Janice|Jeff|Kutner|Lynne|Nurse|Plumber|Rita|Taub|Thirteen|Wilson|Zach,
House M.D.,5,13,05x13,Big Baby,https://transcripts.foreverdreaming.org/viewtopic.php?t=43484,s05e13_big_baby_t43484.html,usable,,503,433,17,Cameron|Chase|Cuddy|Fletch|Forbes|Foreman|Forman|House|Jessica|Johnny|Kutner|Pan Am Clerk|Sarah|Tammy|Taub|Thirteen|Wilson,
House M.D.,5,14,05x14,The Greater Good,https://transcripts.foreverdreaming.org/viewtopic.php?t=43515,s05e14_the_greater_good_t43515.html,usable,,463,371,10,Chef Anthony|Cuddy|Dana|Foreman|House|Kutner|Rachel|Taub|Thirteen|Wilson,
House M.D.,5,15,05x15,Unfaithful,https://transcripts.foreverdreaming.org/viewtopic.php?t=43516,s05e15_unfaithful_t43516.html,usable,,584,476,14,Cameron|Chase|Christ|Cuddy|Daniel|Daryl|Eileen|Foreman|House|Kutner|Ryan|Taub|Thirteen|Wilson,
House M.D.,5,16,05x16,The Softer Side,https://transcripts.foreverdreaming.org/viewtopic.php?t=43517,s05e16_the_softer_side_t43517.html,usable,,565,464,15,Cuddy|Doctor|Foreman|House|Ian|Jackson|Joseph|Kutner|Melanie|Melanie & Joseph|Nurse Helen|Taub|Thirteen|Wilson|Woman,
House M.D.,5,17,05x17,The Social Contract,https://transcripts.foreverdreaming.org/viewtopic.php?t=43518,s05e17_the_social_contract_t43518.html,usable,,515,443,15,Audrey|Cafeteria Worker|Chase|Cuddy|Elaine|Foreman|House|Kunter|Kutner|Marika|Nick|Taub|Thirteen|Tim|Wilson,
House M.D.,5,18,05x18,Here Kitty,https://transcripts.foreverdreaming.org/viewtopic.php?t=43519,s05e18_here_kitty_t43519.html,usable,,480,403,13,Billy|Chase|Cuddy|Foreman|House|Kutner|Morgan|Neil|Secretary|Taub|Thirteen|Tv Announcer|Wilson,
House M.D.,5,19,05x19,Locked In,https://transcripts.foreverdreaming.org/viewtopic.php?t=43520,s05e19_locked_in_t43520.html,usable,,575,483,15,Cameron|Chase|Cuddy|Drake|Foreman|House|Jolie|Kurtz|Kutner|Lee|Molly|Note|Taub|Thirteen|Wilson,
House M.D.,5,20,05x20,Simple Explanation,https://transcripts.foreverdreaming.org/viewtopic.php?t=43521,s05e20_simple_explanation_t43521.html,usable,,448,352,15,Cameron|Charlotte|Chase|Cuddy|Daughter|Eddie|Foreman|House|Julia Kutner|Mother|Nurse|Richard Kutner|Taub|Thirteen|Wilson,
House M.D.,5,21,05x21,Saviors,https://transcripts.foreverdreaming.org/viewtopic.php?t=43522,s05e21_saviors_t43522.html,usable,,488,411,18,Amber|Cameron|Chase|Cuddy|Doug|Foreman|Franni|House|Husband|Man In Crowd|Policeman|Policeman 2|Second Man|Susan|Taub|Thirteen|Wife|Wilson,
House M.D.,5,22,05x22,House Divided,https://transcripts.foreverdreaming.org/viewtopic.php?t=43523,s05e22_house_divided_t43523.html,usable,,521,440,17,Amber|Cameron|Chase|Cuddy|Ellie|Female Officer|Foreman|House|House & Amber|Karamel|Laura|Male Officer|Referee|Seth|Taub|Thirteen|Wilson,
House M.D.,5,23,05x23,Under My Skin,https://transcripts.foreverdreaming.org/viewtopic.php?t=43524,s05e23_under_my_skin_t43524.html,usable,,561,478,20,Amber|Cameron|Chase|Choreographer|Cuddy|Female Staff Member|Foreman|House|Jeremy|Male Staff Member|Manager|Maury|Molly|Nurse|Penelope|Pietramala|Taub|Thirteen|Wilson|Woman,
House M.D.,5,24,05x24,Both Sides Now,https://transcripts.foreverdreaming.org/viewtopic.php?t=43525,s05e24_both_sides_now_t43525.html,usable,,482,379,17,Amber|Annie|Cameron|Chase|Cuddy|Eugene|Foreman|House|Kutner|Man A|Paula|Scott|Stripper|Taub|Thirteen|Warren|Wilson,
House M.D.,6,1,06x01,Broken (part 1),https://transcripts.foreverdreaming.org/viewtopic.php?t=43526,s06e01_broken_part_1_t43526.html,usable,,381,281,17,Alvie|Annie|Beasley|Ben|Diane|Everyone|Freedom Master|Garney|House|Lydia|Medina|Nolan|Orderly|Richter|Safer|Trio|Woman,
House M.D.,6,2,06x02,Broken (Part 2),https://transcripts.foreverdreaming.org/viewtopic.php?t=43554,s06e02_broken_part_2_t43554.html,usable,,552,400,17,Alvie|Beasley|Diane|Everyone|Freedom Master|Hal|House|Jay-bird|Lydia|Medina|Nolan|Orderly|Richter|Safer|Susan|Valdez|Wilson,
House M.D.,6,3,06x03,Epic Fail,https://transcripts.foreverdreaming.org/viewtopic.php?t=43555,s06e03_epic_fail_t43555.html,usable,,515,426,19,Cameron|Camreon|Cecile|Chaes|Chase|Cooking Teacher|Cuddy|Dr Felker|Dr Paulson|Drnolan|Foreman|House|Lee|Nolan|Roy|Taub|Thirteen|Vince|Wilson,
House M.D.,6,4,06x04,The Tyrant,https://transcripts.foreverdreaming.org/viewtopic.php?t=43556,s06e04_the_tyrant_t43556.html,usable,,471,375,17,Ama|Bass|Cameron|Chase|Cuddy|Dibala|Foreman|Houes|House|House & Wilson|Joseph|Murphy|Process Server|Ruwe|Thirteen|Tv|Wilson,
House M.D.,6,5,06x05,Instant Karma,https://transcripts.foreverdreaming.org/viewtopic.php?t=43557,s06e05_instant_karma_t43557.html,usable,,515,453,17,Business Man|Cab Driver|Cameron|Chase|Cuddy|Doctor|Foreman|Formean|House|Jack|Ken|Lady|Nurse|Oliver|Roy|Thirteen|Wilson,
House M.D.,6,6,06x06,Brave Heart,https://transcripts.foreverdreaming.org/viewtopic.php?t=43558,s06e06_brave_heart_t43558.html,usable,,508,408,19,Ayala|Brian|Cameron|Chase|Cheryl|Cop|Cop 2|Cuddy|Dex|Donny|Foreman|House|Marta|Michael|Nona|Nurse|Priest|Singh|Wilson,
House M.D.,6,7,06x07,Known Unknowns,https://transcripts.foreverdreaming.org/viewtopic.php?t=43559,s06e07_known_unknowns_t43559.html,usable,,515,408,22,Audience|Avery|Band Member|Cameron|Chase|Convention Registrar|Cuddy|Derek|Doctor|Foreman|House|Jordan|Joseph|Kaitlin|Keener|Lucas|Madison|Man At Dance|Michelle|Phoebe|Security Guard|Wilson,
House M.D.,6,8,06x08,Teamwork,https://transcripts.foreverdreaming.org/viewtopic.php?t=43560,s06e08_teamwork_t43560.html,usable,,478,384,17,Cameron|Chase|Cuddy|Dr Turner|Foreman|Hank|House|Lexa|Lucas|Mr Klingman|Phyllis|Porn Actress|Rick|Taub|Thirteen|Topless Actress|Wilson,
House M.D.,6,9,06x09,Ignorance Is Bliss,https://transcripts.foreverdreaming.org/viewtopic.php?t=43561,s06e09_ignorance_is_bliss_t43561.html,usable,,595,496,21,Beringer|Cashier|Chase|Cuddy|Dara|Diana|Foreman|House|House Sitter|Jeffrey|Lucas|Man In Stall|Rachel|Ronnie|Ronnnie|Sidas|Taub|Thirteen|Voice On Pa|Wilson|Woman,
House M.D.,6,10,06x10,Wilson,https://transcripts.foreverdreaming.org/viewtopic.php?t=43562,s06e10_wilson_t43562.html,usable,,541,446,17,Aikoa Tanaka|Ashley|Chase|Cuddy|Del|Dr D'razio|Emily|Foreman|House|Juan|Melissa|Sandy|Saul|Taub|Thirteen|Tucker|Wilson,
House M.D.,6,11,06x11,The Down Low,https://transcripts.foreverdreaming.org/viewtopic.php?t=43563,s06e11_the_down_low_t43563.html,usable,,551,422,16,Chase|Cuddy|Eddie|Foreman|Guy|House|Lady|Marco|Mickey|Nora|Taub|Thirteen|Tommy|Wilson|Woman On Tv|Yvette,
House M.D.,6,12,06x12,Remorse,https://transcripts.foreverdreaming.org/viewtopic.php?t=43564,s06e12_remorse_t43564.html,usable,,534,457,15,All|Bill|Chase|Cuddy|Foreman|House|Jose|Norris|Russ|Sarah|Taub|Thirteen|Valerie|Wibberly|Wilson,
House M.D.,6,13,06x13,Moving the Chains,https://transcripts.foreverdreaming.org/viewtopic.php?t=43565,s06e13_moving_the_chains_t43565.html,usable,,526,422,18,All|Another Coach|Chase|Coach|Cuddy|Daryl|Foreman|Glenda|Hose|House|Jim|Lucas|Marcus|Quarterback|Scout|Taub|Thirteen|Wilson,
House M.D.,6,14,06x14,5 to 9,https://transcripts.foreverdreaming.org/viewtopic.php?t=43566,s06e14_5_to_9_t43566.html,usable,,549,434,24,Chase|Claudia|Clinic Patient|Cuddy|Dr Simpson|Dr Thomas|Eli|Female Board Member|Foreman|Gail|Hourani|House|Lucas|Man|Nurse|Nurse Regina|Oscar|Sanford|Stan|Tannenbaum|Taub|Thirteen|Westbrook|Wilson,
House M.D.,6,15,06x15,Private Lives,https://transcripts.foreverdreaming.org/viewtopic.php?t=43567,s06e15_private_lives_t43567.html,usable,,511,396,27,Adam|Cashier|Chase|Chase & Thirteen|Chloe|Cuddy|Dionne|Elizabeth|Foreman|Frankie|Grace|Hostess|House|Joan|Leeanne|Mary|Melodie|Moon Woman|Nicole|Not-wilson|Sandy|Stuart|Surgeon|Taub|Taylor|Thirteen|Wilson,
House M.D.,6,16,06x16,Black Hole,https://transcripts.foreverdreaming.org/viewtopic.php?t=43568,s06e16_black_hole_t43568.html,usable,,558,452,18,Abby|All But Foreman|Artie|Chase|Cuddy|Foreman|Gabiella|Gabriella|Hallucination Of Young Abby|House|June|Mr Damon|Nick|Rachel|Saleswoman|Taub|Thirteen|Wilson,
House M.D.,6,17,06x17,Lockdown,https://transcripts.foreverdreaming.org/viewtopic.php?t=43569,s06e17_lockdown_t43569.html,usable,,460,335,21,Another Guard|Cameron|Chase|Cuddy|Daria|Donald|Foreman|Gracie's Voice|Guard|Guard's Voice|House|Loud Speaker|Maldonado|Nash|Sarah|Smits|Taub|Thirteen|Voice On Walkie Talkie|Walker|Wilson,
House M.D.,6,18,06x18,Knight Fall,https://transcripts.foreverdreaming.org/viewtopic.php?t=43570,s06e18_knight_fall_t43570.html,usable,,619,496,17,Chanting Crowd|Chase|Cuddy|Foreman|House|Lucas|Man At Faire|Miles|Sam|Sarah|Shannon|Shop Clerk|Sir Horace|Taub|Thirteen|William|Wilson,
House M.D.,6,19,06x19,Open and Shut,https://transcripts.foreverdreaming.org/viewtopic.php?t=43571,s06e19_open_and_shut_t43571.html,usable,,517,421,17,Chase|Cuddy|Damien|Foreman|House|Houses|Julia|Maya|Operating Nurse|Paula|Rachel|Sam|Taub|Thirteen|Thirteen Enters|Tom|Wilson,
House M.D.,6,20,06x20,The Choice,https://transcripts.foreverdreaming.org/viewtopic.php?t=43572,s06e20_the_choice_t43572.html,usable,,685,524,18,All|Chase|Cotter|Cuddy|Esteban's Mother|Foreman|House|Nicole|Nicole's Father|Nurse Jeffrey|Police Officer|Rachel|Reverend Bowden|Sam|Taub|Ted|Thirteen|Wilson,
House M.D.,6,21,06x21,Baggage,https://transcripts.foreverdreaming.org/viewtopic.php?t=43573,s06e21_baggage_t43573.html,usable,,525,421,22,Alvie|Chase|Court Officer|Cuddy|Durdanna|Durkee|Dutch|Foreman|Harris|House|Jay|Ms X|Nolan|Note 1|Note 2|Nurse|Public Defender|Sam|Sidney|Taub|Thirteen|Wilson,
House M.D.,6,22,06x22,Help Me,https://transcripts.foreverdreaming.org/viewtopic.php?t=43574,s06e22_help_me_t43574.html,usable,,507,359,16,Captain Mccreaney|Charlie|Chase|Cuddy|Emt|Foreman|Hanna|House|Jay|Radio Answer|Rescue Worker 1|Rescue Worker 2|Taub|Thirteen|Wilson|Young Woman,
House M.D.,7,1,07x01,Now What?,https://transcripts.foreverdreaming.org/viewtopic.php?t=43575,s07e01_now_what_t43575.html,usable,,477,375,11,Alex|Charlie|Chase|Cuddy|Foreman|House|Malkin|Richardson|Taub|Thirteen|Wilson,
House M.D.,7,2,07x02,Selfish,https://transcripts.foreverdreaming.org/viewtopic.php?t=43588,s07e02_selfish_t43588.html,usable,,462,396,18,Announcer|Boy In Wheelchair|Calire|Chase|Claire|Cudddy|Cuddy|Della|Foreman|George|House|Houses|Hr Guy|Hugo|Maurice|Sidney|Taub|Wilson,
House M.D.,7,3,07x03,Unwritten,https://transcripts.foreverdreaming.org/viewtopic.php?t=43610,s07e03_unwritten_t43610.html,usable,,573,453,13,Alice|Chase|Christina|Cuddy|Foreman|Fun Stop Attendant|Heard Over The Intercom|House|Jack|Nurse|Sam|Taub|Wilson,
House M.D.,7,4,07x04,Massage Therapy,https://transcripts.foreverdreaming.org/viewtopic.php?t=43611,s07e04_massage_therapy_t43611.html,usable,,524,435,16,Billy|Chase|Cuddy|Demonbilly|Felipe|Foreman|Foreman Interrupting|House|House To Chase|House With A Bemused Grin|Kelly|Kelly To Billy|Margaret|Taub|Therapist|Wilson,Chase squinting at an anomaly on the screen: Tumor?
House M.D.,7,5,07x05,Unplanned Parenthood,https://transcripts.foreverdreaming.org/viewtopic.php?t=43612,s07e05_unplanned_parenthood_t43612.html,usable,,542,436,16,Abbey|Abbie|Chang|Chase|Cheng|Cuddy|Dr Cheng|Dr Frasier|Dr Taylor|Foreman|House|Justine|Nurse|Rachel|Taub|Wilson,
House M.D.,7,6,07x06,Office Politics,https://transcripts.foreverdreaming.org/viewtopic.php?t=43613,s07e06_office_politics_t43613.html,usable,,532,438,12,Anderson|Chase|Cuddy|Dugan|Foreman|House|Male Announcer|Masters|Masters Looking At The Tv|Nurse|Taub|Wilson,
House M.D.,7,7,07x07,A Pox On Our House,https://transcripts.foreverdreaming.org/viewtopic.php?t=43614,s07e07_a_pox_on_our_house_t43614.html,usable,,464,404,22,Broda|Captain|Chase|Chases|Cuddy|Doctor|Eve|Eve's Mom|Father|Foreman|Geerte|House|Julie|Lulu|Masters|Niles|Roger|Sam|Taub|Voice On The Phone|Wilson|Young Boy,
House M.D.,7,8,07x08,Small Sacrifices,https://transcripts.foreverdreaming.org/viewtopic.php?t=43615,s07e08_small_sacrifices_t43615.html,usable,,542,415,15,Chase|Chase & Foreman|Cuddy|Foreman|House|Marcus|Marisa|Master|Masters|Nika|Rachel|Ramon|Sam|Taub|Wilson,
House M.D.,7,9,07x09,Larger than Life,https://transcripts.foreverdreaming.org/viewtopic.php?t=43616,s07e09_larger_than_life_t43616.html,usable,,463,386,21,Arlene|Chase|Chases|Chloe|Cuddy|Daisy|Danielle|Danielle Staub|Dina|Dina Manzo|Eva|Foreman|House|Jack|Man|Masters|Nurse|Rachel|Taub|Wilson|Woman,
House M.D.,7,10,07x10,Carrot or Stick,https://transcripts.foreverdreaming.org/viewtopic.php?t=43617,s07e10_carrot_or_stick_t43617.html,usable,,318,238,16,Chase|Cuddy|Driscoll|Florist|Foreman|House|Landon|Macdonald|Masters|Nurse|Rachel|Taub|Teacher|Wells|Wilson|Winn,
House M.D.,7,11,07x11,Family Practice,https://transcripts.foreverdreaming.org/viewtopic.php?t=43618,s07e11_family_practice_t43618.html,usable,,473,378,23,A|Arlene|Arlene's Voice|B|C|Chase|Cuddy|Cuddy's Voice|D|E|F|Foreman|House|Jamie|Julia|Kaufman|Masters|Nurse|Rachel|Saleswoman|Taub|Timothy's Mom|Tv,
House M.D.,7,12,07x12,You Must Remember This,https://transcripts.foreverdreaming.org/viewtopic.php?t=43619,s07e12_you_must_remember_this_t43619.html,usable,,529,403,13,Chase|Cuddy|Elena|Foreman|Henry|House|Masters|Nadia|Patient|Policeman|Taub|Wife|Wilson,
House M.D.,7,13,07x13,Two Stories,https://transcripts.foreverdreaming.org/viewtopic.php?t=43620,s07e13_two_stories_t43620.html,usable,,585,477,33,Alex|Boy 1|Boy 2|Chase|Colleen|Corwin|Cuddy|Dryden|Female Lawyer|Foreman|Gabe|Hourani|House|Kids|Luke|Masters|Mother|Ms Corwin|Ms Fields|Ms Washburn|Nurse|Patients|Phillip|Rachel|Receptionist|Sophie|Taub|Taub & Chase|Timmy|Wells|Wilson|Woman|Zack,
House M.D.,7,14,07x14,Recession Proof,https://transcripts.foreverdreaming.org/viewtopic.php?t=43621,s07e14_recession_proof_t43621.html,usable,,402,353,11,Bert|Chase|Cuddy|Diane|Foreman|House|Masters|Officer Smith|Taub|Waiter|Wilson,
House M.D.,7,15,07x15,Bombshells,https://transcripts.foreverdreaming.org/viewtopic.php?t=43622,s07e15_bombshells_t43622.html,usable,,351,279,16,Chase|Cop|Cuddy|Foreman|House|Julia|Kay|Masters|Rachel|Roid Rage|Ryan|Sitcom Studio Audience|Taub|Todd|Urologist|Wilson,
House M.D.,7,16,07x16,Out Of The Chute,https://transcripts.foreverdreaming.org/viewtopic.php?t=43623,s07e16_out_of_the_chute_t43623.html,usable,,530,357,16,Anke|Bartender|Carnell|Chase|Chase & Foreman|Cowboy|Cuddy|Foreman|House|Lane|Master|Masters|Nurse|Students|Taub|Wilson,
House M.D.,7,17,07x17,Fall From Grace,https://transcripts.foreverdreaming.org/viewtopic.php?t=43624,s07e17_fall_from_grace_t43624.html,usable,,500,386,13,Chase|Chris|Cuddy|Danny|Dominika|Foreman|House|Masters|Mr Jennings|Mrs Weston|Ryan|Taub|Wilson,
House M.D.,7,18,07x18,The Dig,https://transcripts.foreverdreaming.org/viewtopic.php?t=43645,s07e18_the_dig_t43645.html,skipped,Only 1 speaker-tagged lines found; threshold is 50.,765,1,1,Let's Make This Really Simple,
House M.D.,7,19,07x19,Last Temptation,https://transcripts.foreverdreaming.org/viewtopic.php?t=43625,s07e19_last_temptation_t43625.html,usable,,461,372,18,Bobby|Boby|Chase|Cruz|Cuddy|Donovan|Foreman|Guard|House|Kendall|Masters|Nurse Hoffner|Paige|Resident|Simpson|Taub|Thirteen|Wilson,
House M.D.,7,20,07x20,Changes,https://transcripts.foreverdreaming.org/viewtopic.php?t=43626,s07e20_changes_t43626.html,usable,,414,360,15,Arlene|Chase|Cuddy|Cyrus|Foreman|House|Janet|Jennifer|Lawyer|Nurse|Phil|Taub|Thirteen|Wilson|Woman,"Cyrus is lying in his bed ; another blonde woman enters his room ; he looks incredulous, then there is a hint of a smile || Cyrus and the real Jennifer are talking ; the camera moves to Thirteen watching them from the lobby. House joins her and"
House M.D.,7,21,07x21,The Fix,https://transcripts.foreverdreaming.org/viewtopic.php?t=43627,s07e21_the_fix_t43627.html,usable,,509,404,19,All|Bartender|Cesar|Chase|Cuddy|Fellow Patron|Foley|Foreman|General|Gibbs|Glenn|Hoffner|House|Lee|Riggin|Taub|Thirteen|Tony|Wilson,
House M.D.,7,22,07x22,After Hours,https://transcripts.foreverdreaming.org/viewtopic.php?t=43628,s07e22_after_hours_t43628.html,usable,,521,361,17,Car|Chase|Computerized Car Voice|Cuddy|Darrien|Dina|Dr Riggin|Emily|Foreman|House|Nurse|Rachel|Ruby|Stripper|Taub|Thirteen|Wilson,"Brownbeard the pirate on the TV: Jibber me jabbers. I'll give ye splinters in yer arse, ye mangy bilge rat."
House M.D.,7,23,07x23,Moving On,https://transcripts.foreverdreaming.org/viewtopic.php?t=43629,s07e23_moving_on_t43629.html,usable,,455,353,19,Afsoun|Bartender|Chase|Cuddy|Female Patron|Foreman|House|Jerry|Julia|Loudspeaker|Luca|Nurse|Officer Soltes|Rachel|Ruby|Soltes|Taub|Thirteen|Wilson,
House M.D.,8,1,08x01,Twenty Vicodin,https://transcripts.foreverdreaming.org/viewtopic.php?t=43630,s08e01_twenty_vicodin_t43630.html,usable,,420,315,19,Adams|Alvarez|Asofa|Delaire|Female Case Worker|Frankie|Guard|Hostetter|House|Hseuh|Mendelson|Nic|Nick|Officer|Porter|Rollo|Stomper|Sullivan|Sykes,
House M.D.,8,2,08x02,Transplant,https://transcripts.foreverdreaming.org/viewtopic.php?t=43646,s08e02_transplant_t43646.html,usable,,540,386,16,Betty|Bobby|Dr Pinto|Dr Simpson|Everyone|Foreman|Guard|House|Mr Park|Mr Weathers|Note|Park|Surgeon|Theresa|Vanessa|Wilson,
House M.D.,8,3,08x03,Charity Case,https://transcripts.foreverdreaming.org/viewtopic.php?t=43647,s08e03_charity_case_t43647.html,usable,,484,406,11,Adams|Benjamin|Dr Simpson|Foreman|House|Lady|Park|Surgeon|Thirteen|Wilson|Woman,
House M.D.,8,4,08x04,Risky Business,https://transcripts.foreverdreaming.org/viewtopic.php?t=43648,s08e04_risky_business_t43648.html,usable,,456,365,12,Adams|Ainsley|Aisnley|Andrews|Asian Man|Barton|Foreman|House|Ortho Doc|Ortho Doctor|Park|Wilson,
House M.D.,8,5,08x05,The Confession,https://transcripts.foreverdreaming.org/viewtopic.php?t=43649,s08e05_the_confession_t43649.html,usable,,436,334,14,Adams|Bob|Chase|Chase & Taub|Cindy|Collins|David|Denise|Foreman|House|Park|Sally|Taub|Wilson,
House M.D.,8,6,08x06,Parents,https://transcripts.foreverdreaming.org/viewtopic.php?t=43650,s08e06_parents_t43650.html,usable,,501,395,26,Adams|Ben|Birthday Girl's Father|Birthday Girl's Mother|Chase|Clinic Patient Monroe|Foreman|House|Janey|Man Holding Receiver|Man On Phone|Mitchell|Monroe|Monroe's Wife|Park|Phil|Rachel|Red Headed Boy|Red Headed Boy's Father|Ron|Ruby|Taub|Television Announcer|Wilson|Workman|Workman On The Floor,
House M.D.,8,7,08x07,Dead & Buried,https://transcripts.foreverdreaming.org/viewtopic.php?t=43651,s08e07_dead_buried_t43651.html,usable,,489,382,19,Adams|Chase|Dixon|Emory|Father|Fay|Faye|Foreman|Gene|Grandpa|House|Iris|Lena|Mickey|Milton|Park|Ray|Taub|Wilson,
House M.D.,8,8,08x08,Perils of Paranoia,https://transcripts.foreverdreaming.org/viewtopic.php?t=43652,s08e08_perils_of_paranoia_t43652.html,usable,,512,456,22,Adams|Anita|Chase|Chase & Adams|Foreman|Forman|Guy|Guy In The Clinic|House|Judge Foley|Lady|Man|Mike|Nurse|Olivia|Park|Regina|Taub|Tommy|William|Wilson|Woman On Pa,
House M.D.,8,9,08x09,Better Half,https://transcripts.foreverdreaming.org/viewtopic.php?t=43653,s08e09_better_half_t43653.html,usable,,500,405,17,Adams|Andres|Chase|Chase's Sister|Dr Banerjee|Foreman|House|House & Natalie|Joseph|Kayla|Man|Mr Laffont|Natalie|Park|Regina|Uniformed Man|Wilson,
House M.D.,8,10,08x10,Runaways,https://transcripts.foreverdreaming.org/viewtopic.php?t=43654,s08e10_runaways_t43654.html,usable,,456,353,17,Adams|Anita|Announcer|Brown|Callie|Chase|Ellen|Father|Foreman|George|House|Jane Doe|Park|Parks|Sheldon|Taub|Wilson,
House M.D.,8,11,08x11,Nobody's Fault,https://transcripts.foreverdreaming.org/viewtopic.php?t=43655,s08e11_nobody_s_fault_t43655.html,usable,,470,359,16,Adams|Bill|Caufield|Chase|Cofield|Emily|Emt 1|Emt 2|Foreman|House|Jordan|Madison|Nurse|Park|Taub|Taub & Adams,
House M.D.,8,12,08x12,Chase,https://transcripts.foreverdreaming.org/viewtopic.php?t=43656,s08e12_chase_t43656.html,usable,,487,386,13,Adams|Chase|Cindy|Foreman|House|Leisha|Moira|Nurse|Park|Sister Joan|Taub|Therapist|Wilson,
House M.D.,8,13,08x13,Man of the House,https://transcripts.foreverdreaming.org/viewtopic.php?t=43657,s08e13_man_of_the_house_t43657.html,usable,,488,387,16,Adams|Aide|Ayres|Chase|Chase & Adams|Dominika|Foreman|Hastings|House|Joe|Marlene|Park|Taub|Weinman|Weinmann|Wilson,
House M.D.,8,14,08x14,Love Is Blind,https://transcripts.foreverdreaming.org/viewtopic.php?t=43658,s08e14_love_is_blind_t43658.html,usable,,462,373,13,Adams|Blythe|Chase|Dominika|House|Man|Melissa|Park|Sam|Taub|Thomas|Will|Wilson,
House M.D.,8,15,08x15,Blowing the Whistle,https://transcripts.foreverdreaming.org/viewtopic.php?t=43659,s08e15_blowing_the_whistle_t43659.html,usable,,473,380,16,Adams|Airport Loudspeaker|Brant|Chase|College Kid|Evan|Foreman|Gloria|Hayes|House|Joni|Mel|Mp|Park|Taub|Wilson,
House M.D.,8,16,08x16,Gut Check,https://transcripts.foreverdreaming.org/viewtopic.php?t=43660,s08e16_gut_check_t43660.html,usable,,444,361,16,Adams|Bobby|Chase|Duncan|Fans|Gps Voice|House|Linesman|Pa Announcer|Park|Spartans Fan|Szabo|Taub|Toros Fan|Waitress|Wilson,
House M.D.,8,17,08x17,We Need The Eggs,https://transcripts.foreverdreaming.org/viewtopic.php?t=43661,s08e17_we_need_the_eggs_t43661.html,usable,,445,386,22,Adams|Amy|Butterscotch|Carny|Chase|Cindy|Debbie|Dominika|Domonika|Emily|Fawn|Harris|Henry|House|Micah|Molly|Park|Taub|Wendy|Wilson|Woman|Young Man,Taub (singing with a child’s voice: Park has a boyfriend.
House M.D.,8,18,08x18,Body and Soul,https://transcripts.foreverdreaming.org/viewtopic.php?t=43662,s08e18_body_and_soul_t43662.html,usable,,446,367,12,Adams|Chase|Dominika|Foreman|House|Lida|Lue|Nurse|Park|Taub|Wilson|Xang,
House M.D.,8,19,08x19,The C Word,https://transcripts.foreverdreaming.org/viewtopic.php?t=43663,s08e19_the_c_word_t43663.html,usable,,428,317,12,Adams|Chase|Dr Kondo|Elizabeth|Emily|Foreman|House|John|Park|Simon|Taub|Wilson,
House M.D.,8,20,08x20,Post Mortem,https://transcripts.foreverdreaming.org/viewtopic.php?t=43664,s08e20_post_mortem_t43664.html,usable,,414,338,15,Adams|Bartender|Chase|Crowd|Foreman|House|Ina|Orderly|Park|Taub|Taub & Park|Treiber|Trieber|Waitress|Wilson,
House M.D.,8,21,08x21,Holding On,https://transcripts.foreverdreaming.org/viewtopic.php?t=43665,s08e21_holding_on_t43665.html,usable,,424,323,18,Adams|Cheerleader On The Video|Courtney|Derrick|Elderly Woman|Foreman|House|Janitor|Jen|Matt|Michael|Middle Aged Man|Molly|Park|Roommate|Taub|Thirteen|Wilson,
House M.D.,8,22,08x22,Everybody Dies,https://transcripts.foreverdreaming.org/viewtopic.php?t=43666,s08e22_everybody_dies_t43666.html,usable,,348,263,19,Adams|Amber|Blythe|Cameron|Chase|Dominika|Foreman|Frankel|House|Kutner|Male Patient|Masters|Nolan|Oliver|Park|Stacy|Taub|Thirteen|Wilson,
House M.D.,8,23,08x23,Swan Song,https://transcripts.foreverdreaming.org/viewtopic.php?t=43667,s08e23_swan_song_t43667.html,skipped,Only 3 speaker-tagged lines found; threshold is 50.,965,3,3,And At|At|I Arrived Here At,
