source,target,season,episode,episode_code,episode_title,weight
Foreman,House,1,1,01x01,Pilot,62
Cuddy,House,1,1,01x01,Pilot,61
Cameron,House,1,1,01x01,Pilot,42
House,Wilson,1,1,01x01,Pilot,36
Cameron,Foreman,1,1,01x01,Pilot,33
Cameron,Chase,1,1,01x01,Pilot,14
Foreman,Wilson,1,1,01x01,Pilot,13
Chase,House,1,1,01x01,Pilot,9
Chase,Foreman,1,1,01x01,Pilot,6
Chase,Wilson,1,1,01x01,Pilot,2
Cameron,Wilson,1,1,01x01,Pilot,1
House,Wilson,1,6,01x06,The Socratic Method,38
Cameron,House,1,6,01x06,The Socratic Method,36
Foreman,House,1,6,01x06,The Socratic Method,29
Cuddy,House,1,6,01x06,The Socratic Method,26
Chase,Foreman,1,6,01x06,The Socratic Method,20
Cameron,Chase,1,6,01x06,The Socratic Method,14
Chase,House,1,6,01x06,The Socratic Method,10
Foreman,Wilson,1,6,01x06,The Socratic Method,7
Cameron,Wilson,1,6,01x06,The Socratic Method,2
Chase,Wilson,1,6,01x06,The Socratic Method,1
Cameron,House,1,7,01x07,Fidelity,74
Foreman,House,1,7,01x07,Fidelity,45
House,Wilson,1,7,01x07,Fidelity,44
Chase,House,1,7,01x07,Fidelity,19
Chase,Foreman,1,7,01x07,Fidelity,15
Cameron,Chase,1,7,01x07,Fidelity,14
Cuddy,House,1,7,01x07,Fidelity,13
Cameron,Foreman,1,7,01x07,Fidelity,9
Foreman,Wilson,1,7,01x07,Fidelity,5
Chase,Wilson,1,7,01x07,Fidelity,5
Cameron,Wilson,1,7,01x07,Fidelity,3
Cuddy,Wilson,1,7,01x07,Fidelity,1
Foreman,House,1,8,01x08,Poison,54
Cameron,House,1,8,01x08,Poison,38
Cameron,Foreman,1,8,01x08,Poison,38
Chase,House,1,8,01x08,Poison,36
House,Wilson,1,8,01x08,Poison,13
Cuddy,House,1,8,01x08,Poison,9
Chase,Foreman,1,8,01x08,Poison,8
Cameron,Chase,1,8,01x08,Poison,2
Chase,Wilson,1,8,01x08,Poison,1
Cuddy,House,1,9,01x09,DNR,18
Foreman,House,1,9,01x09,DNR,17
Cameron,Foreman,1,9,01x09,DNR,4
Chase,Foreman,1,9,01x09,DNR,3
Chase,House,1,9,01x09,DNR,3
Foreman,House,1,10,01x10,Histories,64
House,Wilson,1,10,01x10,Histories,51
Foreman,Wilson,1,10,01x10,Histories,50
Chase,Foreman,1,10,01x10,Histories,20
Cuddy,House,1,10,01x10,Histories,17
Cameron,Chase,1,10,01x10,Histories,13
Chase,House,1,10,01x10,Histories,12
Chase,Wilson,1,10,01x10,Histories,8
Cameron,Foreman,1,10,01x10,Histories,8
Cameron,House,1,10,01x10,Histories,8
Cameron,Wilson,1,10,01x10,Histories,8
Cuddy,Foreman,1,10,01x10,Histories,5
Cuddy,Wilson,1,10,01x10,Histories,3
Cameron,House,1,11,01x11,Detox,64
Cuddy,House,1,11,01x11,Detox,50
House,Wilson,1,11,01x11,Detox,46
Chase,House,1,11,01x11,Detox,41
Foreman,House,1,11,01x11,Detox,36
Cameron,Foreman,1,11,01x11,Detox,19
Cameron,Chase,1,11,01x11,Detox,19
Chase,Foreman,1,11,01x11,Detox,13
Cuddy,Wilson,1,11,01x11,Detox,7
Cameron,Cuddy,1,11,01x11,Detox,6
Foreman,Wilson,1,11,01x11,Detox,4
Cuddy,Foreman,1,11,01x11,Detox,4
Cameron,Wilson,1,11,01x11,Detox,2
Chase,Wilson,1,11,01x11,Detox,1
Cuddy,House,1,12,01x12,Sport Medicine,50
House,Wilson,1,12,01x12,Sport Medicine,48
Cameron,House,1,12,01x12,Sport Medicine,43
Foreman,House,1,12,01x12,Sport Medicine,20
Cameron,Foreman,1,12,01x12,Sport Medicine,17
Chase,Foreman,1,12,01x12,Sport Medicine,16
Cameron,Chase,1,12,01x12,Sport Medicine,13
Chase,House,1,12,01x12,Sport Medicine,13
Chase,House,1,13,01x13,Cursed,60
House,Wilson,1,13,01x13,Cursed,29
Cameron,Chase,1,13,01x13,Cursed,21
Cameron,House,1,13,01x13,Cursed,19
Chase,Foreman,1,13,01x13,Cursed,15
Cuddy,House,1,13,01x13,Cursed,12
Foreman,House,1,13,01x13,Cursed,12
Cameron,Foreman,1,13,01x13,Cursed,9
Chase,Cuddy,1,13,01x13,Cursed,6
Cuddy,Foreman,1,13,01x13,Cursed,4
House,Wilson,1,14,01x14,Control,51
Cuddy,House,1,14,01x14,Control,36
Cameron,House,1,14,01x14,Control,32
Chase,House,1,14,01x14,Control,13
Cameron,Chase,1,14,01x14,Control,12
Cameron,Foreman,1,14,01x14,Control,10
Chase,Foreman,1,14,01x14,Control,7
Foreman,House,1,14,01x14,Control,4
Chase,House,1,15,01x15,Mob Rules,44
House,Wilson,1,15,01x15,Mob Rules,33
Foreman,House,1,15,01x15,Mob Rules,29
Cuddy,House,1,15,01x15,Mob Rules,25
Cameron,Chase,1,15,01x15,Mob Rules,22
Cameron,House,1,15,01x15,Mob Rules,18
Cameron,Foreman,1,15,01x15,Mob Rules,17
Chase,Foreman,1,15,01x15,Mob Rules,10
Cameron,House,1,16,01x16,Heavy,55
Foreman,House,1,16,01x16,Heavy,40
Cameron,Chase,1,16,01x16,Heavy,34
Chase,Foreman,1,16,01x16,Heavy,27
House,Wilson,1,16,01x16,Heavy,26
Chase,House,1,16,01x16,Heavy,22
Cuddy,House,1,16,01x16,Heavy,19
Cameron,Foreman,1,16,01x16,Heavy,6
Foreman,Wilson,1,16,01x16,Heavy,4
Cameron,Cuddy,1,16,01x16,Heavy,2
Cameron,House,1,17,01x17,Role Model,43
Cuddy,House,1,17,01x17,Role Model,38
House,Wilson,1,17,01x17,Role Model,31
Chase,House,1,17,01x17,Role Model,23
Foreman,House,1,17,01x17,Role Model,21
Foreman,Wilson,1,17,01x17,Role Model,4
Cameron,Chase,1,17,01x17,Role Model,4
Chase,Foreman,1,17,01x17,Role Model,2
Chase,Cuddy,1,17,01x17,Role Model,2
Chase,Wilson,1,17,01x17,Role Model,2
Cameron,Wilson,1,17,01x17,Role Model,2
Cuddy,Wilson,1,17,01x17,Role Model,1
Cameron,Foreman,1,17,01x17,Role Model,1
Chase,Foreman,1,18,01x18,Babies & Bathwater,45
Cuddy,House,1,18,01x18,Babies & Bathwater,41
Foreman,House,1,18,01x18,Babies & Bathwater,39
House,Wilson,1,18,01x18,Babies & Bathwater,26
Chase,House,1,18,01x18,Babies & Bathwater,21
Chase,Wilson,1,18,01x18,Babies & Bathwater,1
Foreman,Wilson,1,18,01x18,Babies & Bathwater,1
House,Wilson,1,19,01x19,Kids,49
Foreman,House,1,19,01x19,Kids,45
Cameron,House,1,19,01x19,Kids,44
Cuddy,House,1,19,01x19,Kids,39
Chase,House,1,19,01x19,Kids,39
Chase,Foreman,1,19,01x19,Kids,28
Chase,Wilson,1,19,01x19,Kids,3
Foreman,Wilson,1,19,01x19,Kids,2
Cuddy,Wilson,1,19,01x19,Kids,1
Chase,Cuddy,1,19,01x19,Kids,1
Cameron,House,1,20,01x20,Love Hurts,38
House,Wilson,1,20,01x20,Love Hurts,32
Chase,House,1,20,01x20,Love Hurts,32
Foreman,House,1,20,01x20,Love Hurts,32
Cameron,Chase,1,20,01x20,Love Hurts,27
Chase,Foreman,1,20,01x20,Love Hurts,19
Cameron,Foreman,1,20,01x20,Love Hurts,19
Cuddy,House,1,20,01x20,Love Hurts,10
Cameron,Wilson,1,20,01x20,Love Hurts,6
Foreman,Wilson,1,20,01x20,Love Hurts,3
House,Stacy,1,21,01x21,Three Stories,52
Cuddy,House,1,21,01x21,Three Stories,27
Cameron,House,1,21,01x21,Three Stories,20
Cuddy,Stacy,1,21,01x21,Three Stories,16
Chase,Foreman,1,21,01x21,Three Stories,14
Foreman,House,1,21,01x21,Three Stories,10
House,Wilson,1,21,01x21,Three Stories,7
Cameron,Chase,1,21,01x21,Three Stories,3
Chase,House,1,21,01x21,Three Stories,3
Cameron,Foreman,1,21,01x21,Three Stories,1
House,Stacy,1,22,01x22,Honeymoon,108
Cameron,House,1,22,01x22,Honeymoon,48
Foreman,House,1,22,01x22,Honeymoon,36
Chase,House,1,22,01x22,Honeymoon,21
Cameron,Stacy,1,22,01x22,Honeymoon,19
Chase,Foreman,1,22,01x22,Honeymoon,14
House,Wilson,1,22,01x22,Honeymoon,12
Cameron,Foreman,1,22,01x22,Honeymoon,5
Foreman,Stacy,1,22,01x22,Honeymoon,5
Cuddy,House,1,22,01x22,Honeymoon,5
Chase,Stacy,1,22,01x22,Honeymoon,3
Cameron,Chase,1,22,01x22,Honeymoon,2
Foreman,House,2,1,02x01,Acceptance,58
Cameron,House,2,1,02x01,Acceptance,49
House,Stacy,2,1,02x01,Acceptance,38
Cuddy,House,2,1,02x01,Acceptance,33
Chase,House,2,1,02x01,Acceptance,26
House,Wilson,2,1,02x01,Acceptance,15
Chase,Foreman,2,1,02x01,Acceptance,14
Cameron,Wilson,2,1,02x01,Acceptance,13
Cameron,Chase,2,1,02x01,Acceptance,4
Cuddy,Stacy,2,1,02x01,Acceptance,3
Cameron,Foreman,2,1,02x01,Acceptance,2
House,Wilson,2,2,02x02,Autopsy,110
Foreman,House,2,2,02x02,Autopsy,40
Chase,House,2,2,02x02,Autopsy,36
Cuddy,House,2,2,02x02,Autopsy,20
Cameron,House,2,2,02x02,Autopsy,18
Chase,Foreman,2,2,02x02,Autopsy,7
Cameron,Chase,2,2,02x02,Autopsy,4
Cameron,Foreman,2,2,02x02,Autopsy,4
Chase,Wilson,2,2,02x02,Autopsy,4
Foreman,Wilson,2,2,02x02,Autopsy,4
Cameron,Wilson,2,2,02x02,Autopsy,2
Cuddy,House,2,3,02x03,Humpty Dumpty,83
Foreman,House,2,3,02x03,Humpty Dumpty,28
House,Stacy,2,3,02x03,Humpty Dumpty,27
Cuddy,Stacy,2,3,02x03,Humpty Dumpty,26
Chase,House,2,3,02x03,Humpty Dumpty,17
Cameron,Cuddy,2,3,02x03,Humpty Dumpty,16
Stacy,Wilson,2,3,02x03,Humpty Dumpty,15
Cameron,House,2,3,02x03,Humpty Dumpty,14
House,Wilson,2,3,02x03,Humpty Dumpty,12
Chase,Cuddy,2,3,02x03,Humpty Dumpty,6
Chase,Foreman,2,3,02x03,Humpty Dumpty,5
Cameron,Chase,2,3,02x03,Humpty Dumpty,2
Cuddy,Wilson,2,3,02x03,Humpty Dumpty,1
Cuddy,Foreman,2,3,02x03,Humpty Dumpty,1
Cameron,House,2,4,02x04,TB Or Not TB,71
Foreman,House,2,4,02x04,TB Or Not TB,53
Cuddy,House,2,4,02x04,TB Or Not TB,38
House,Wilson,2,4,02x04,TB Or Not TB,31
Cameron,Chase,2,4,02x04,TB Or Not TB,25
Chase,House,2,4,02x04,TB Or Not TB,19
Chase,Foreman,2,4,02x04,TB Or Not TB,5
Cuddy,Wilson,2,4,02x04,TB Or Not TB,2
Cameron,Cuddy,2,4,02x04,TB Or Not TB,2
Cameron,Foreman,2,4,02x04,TB Or Not TB,1
Foreman,Wilson,2,4,02x04,TB Or Not TB,1
Cameron,House,2,5,02x05,Daddy's Boy,63
House,Wilson,2,5,02x05,Daddy's Boy,44
Foreman,House,2,5,02x05,Daddy's Boy,43
Cuddy,House,2,5,02x05,Daddy's Boy,26
Cameron,Foreman,2,5,02x05,Daddy's Boy,21
Chase,Foreman,2,5,02x05,Daddy's Boy,17
Cameron,Cuddy,2,5,02x05,Daddy's Boy,15
Chase,House,2,5,02x05,Daddy's Boy,14
Cameron,Wilson,2,5,02x05,Daddy's Boy,12
Cameron,Chase,2,5,02x05,Daddy's Boy,10
Cuddy,Foreman,2,5,02x05,Daddy's Boy,5
Chase,Wilson,2,5,02x05,Daddy's Boy,4
Foreman,Wilson,2,5,02x05,Daddy's Boy,1
Cuddy,Wilson,2,5,02x05,Daddy's Boy,1
House,Stacy,2,6,02x06,Spin,50
House,Wilson,2,6,02x06,Spin,34
Foreman,House,2,6,02x06,Spin,30
Cameron,Chase,2,6,02x06,Spin,27
Cameron,Wilson,2,6,02x06,Spin,23
Cuddy,House,2,6,02x06,Spin,21
Cameron,Foreman,2,6,02x06,Spin,21
Chase,House,2,6,02x06,Spin,20
Cameron,House,2,6,02x06,Spin,13
Chase,Foreman,2,6,02x06,Spin,10
Foreman,Wilson,2,6,02x06,Spin,1
Chase,Wilson,2,6,02x06,Spin,1
Cuddy,Stacy,2,6,02x06,Spin,1
Foreman,Stacy,2,6,02x06,Spin,1
Cameron,Stacy,2,6,02x06,Spin,1
House,Stacy,2,7,02x07,Hunting,82
House,Wilson,2,7,02x07,Hunting,44
Cameron,House,2,7,02x07,Hunting,33
Cameron,Chase,2,7,02x07,Hunting,29
Foreman,House,2,7,02x07,Hunting,26
Cuddy,House,2,7,02x07,Hunting,14
Chase,House,2,7,02x07,Hunting,14
Cameron,Foreman,2,7,02x07,Hunting,8
Cameron,Stacy,2,7,02x07,Hunting,3
Foreman,Wilson,2,7,02x07,Hunting,3
Chase,Foreman,2,7,02x07,Hunting,2
Cameron,Wilson,2,7,02x07,Hunting,2
Chase,Wilson,2,7,02x07,Hunting,2
Cuddy,Wilson,2,7,02x07,Hunting,1
Cuddy,Stacy,2,7,02x07,Hunting,1
Chase,Stacy,2,8,02x08,The Mistake,72
House,Stacy,2,8,02x08,The Mistake,66
Chase,House,2,8,02x08,The Mistake,40
Chase,Foreman,2,8,02x08,The Mistake,18
Cuddy,Stacy,2,8,02x08,The Mistake,16
House,Wilson,2,8,02x08,The Mistake,12
Foreman,House,2,8,02x08,The Mistake,11
Cameron,Stacy,2,8,02x08,The Mistake,10
Cameron,Chase,2,8,02x08,The Mistake,9
Cuddy,House,2,8,02x08,The Mistake,8
Foreman,Stacy,2,8,02x08,The Mistake,7
Chase,Cuddy,2,8,02x08,The Mistake,7
Cameron,Foreman,2,8,02x08,The Mistake,5
Cameron,House,2,8,02x08,The Mistake,3
Stacy,Wilson,2,8,02x08,The Mistake,1
Cameron,Cuddy,2,8,02x08,The Mistake,1
Cuddy,Foreman,2,8,02x08,The Mistake,1
Cuddy,Wilson,2,8,02x08,The Mistake,1
Foreman,House,2,9,02x09,Deception,95
Cameron,House,2,9,02x09,Deception,54
Chase,House,2,9,02x09,Deception,20
Cuddy,Foreman,2,9,02x09,Deception,18
Cameron,Chase,2,9,02x09,Deception,15
Foreman,Wilson,2,9,02x09,Deception,13
Cameron,Foreman,2,9,02x09,Deception,12
Chase,Foreman,2,9,02x09,Deception,11
House,Wilson,2,9,02x09,Deception,6
Cuddy,House,2,9,02x09,Deception,5
Cameron,Wilson,2,9,02x09,Deception,2
Chase,Wilson,2,9,02x09,Deception,1
House,Stacy,2,10,02x10,Failure to Communicate,83
Chase,Foreman,2,10,02x10,Failure to Communicate,42
Foreman,House,2,10,02x10,Failure to Communicate,28
Cuddy,Foreman,2,10,02x10,Failure to Communicate,27
Cameron,House,2,10,02x10,Failure to Communicate,27
Cameron,Foreman,2,10,02x10,Failure to Communicate,22
House,Wilson,2,10,02x10,Failure to Communicate,17
Cameron,Chase,2,10,02x10,Failure to Communicate,11
Chase,House,2,10,02x10,Failure to Communicate,7
Cuddy,House,2,10,02x10,Failure to Communicate,6
Chase,Cuddy,2,10,02x10,Failure to Communicate,3
Cameron,Cuddy,2,10,02x10,Failure to Communicate,1
Foreman,Wilson,2,10,02x10,Failure to Communicate,1
Foreman,Stacy,2,10,02x10,Failure to Communicate,1
House,Wilson,2,11,02x11,Need to Know,48
Foreman,House,2,11,02x11,Need to Know,44
House,Stacy,2,11,02x11,Need to Know,37
Cuddy,Stacy,2,11,02x11,Need to Know,18
Chase,House,2,11,02x11,Need to Know,15
Stacy,Wilson,2,11,02x11,Need to Know,14
Cuddy,House,2,11,02x11,Need to Know,6
Cuddy,Wilson,2,11,02x11,Need to Know,3
Cameron,House,2,11,02x11,Need to Know,3
Chase,Foreman,2,11,02x11,Need to Know,2
Foreman,House,2,12,02x12,Distractions,82
Cameron,House,2,12,02x12,Distractions,49
House,Wilson,2,12,02x12,Distractions,37
Chase,Foreman,2,12,02x12,Distractions,22
Cuddy,House,2,12,02x12,Distractions,21
Chase,House,2,12,02x12,Distractions,20
Cameron,Foreman,2,12,02x12,Distractions,16
Cameron,Chase,2,12,02x12,Distractions,7
Foreman,Wilson,2,12,02x12,Distractions,4
Cameron,Wilson,2,12,02x12,Distractions,1
Cameron,House,2,13,02x13,Skin Deep,50
House,Wilson,2,13,02x13,Skin Deep,39
Cuddy,House,2,13,02x13,Skin Deep,37
Foreman,House,2,13,02x13,Skin Deep,36
Chase,House,2,13,02x13,Skin Deep,18
Cameron,Chase,2,13,02x13,Skin Deep,13
Chase,Foreman,2,13,02x13,Skin Deep,8
Cameron,Foreman,2,13,02x13,Skin Deep,6
Cuddy,Wilson,2,13,02x13,Skin Deep,3
Cuddy,Foreman,2,13,02x13,Skin Deep,1
Chase,Cuddy,2,13,02x13,Skin Deep,1
Chase,Wilson,2,13,02x13,Skin Deep,1
Cameron,House,2,14,02x14,Sex Kills,56
Foreman,House,2,14,02x14,Sex Kills,46
Chase,House,2,14,02x14,Sex Kills,28
House,Wilson,2,14,02x14,Sex Kills,27
Cuddy,House,2,14,02x14,Sex Kills,13
Cameron,Foreman,2,14,02x14,Sex Kills,6
Cameron,Chase,2,14,02x14,Sex Kills,5
Chase,Foreman,2,14,02x14,Sex Kills,4
Cameron,House,2,15,02x15,Clueless,72
Foreman,House,2,15,02x15,Clueless,59
House,Wilson,2,15,02x15,Clueless,50
Chase,House,2,15,02x15,Clueless,22
Cuddy,House,2,15,02x15,Clueless,18
Cameron,Foreman,2,15,02x15,Clueless,13
Cameron,Chase,2,15,02x15,Clueless,12
Chase,Foreman,2,15,02x15,Clueless,11
Cuddy,Wilson,2,15,02x15,Clueless,1
House,Wilson,2,16,02x16,Safe,69
Foreman,House,2,16,02x16,Safe,52
Cameron,House,2,16,02x16,Safe,21
Cameron,Chase,2,16,02x16,Safe,21
Cuddy,House,2,16,02x16,Safe,20
Cameron,Foreman,2,16,02x16,Safe,20
Chase,Foreman,2,16,02x16,Safe,14
Chase,House,2,16,02x16,Safe,12
Cuddy,Foreman,2,16,02x16,Safe,6
Cuddy,Wilson,2,16,02x16,Safe,4
Cameron,Wilson,2,16,02x16,Safe,1
Chase,Cuddy,2,16,02x16,Safe,1
Foreman,Wilson,2,16,02x16,Safe,1
House,Wilson,2,17,02x17,All in,83
Chase,House,2,17,02x17,All in,69
Foreman,House,2,17,02x17,All in,44
Cameron,House,2,17,02x17,All in,43
Cuddy,House,2,17,02x17,All in,30
Cameron,Foreman,2,17,02x17,All in,28
Chase,Foreman,2,17,02x17,All in,19
Cameron,Chase,2,17,02x17,All in,17
Cuddy,Wilson,2,17,02x17,All in,10
Chase,Wilson,2,17,02x17,All in,2
Foreman,Wilson,2,17,02x17,All in,2
Cameron,Wilson,2,17,02x17,All in,2
Cameron,House,2,18,02x18,Sleeping Dogs Lie,82
Chase,House,2,18,02x18,Sleeping Dogs Lie,47
Foreman,House,2,18,02x18,Sleeping Dogs Lie,41
Cameron,Foreman,2,18,02x18,Sleeping Dogs Lie,39
Cuddy,House,2,18,02x18,Sleeping Dogs Lie,30
House,Wilson,2,18,02x18,Sleeping Dogs Lie,22
Cameron,Chase,2,18,02x18,Sleeping Dogs Lie,15
Chase,Foreman,2,18,02x18,Sleeping Dogs Lie,13
Cameron,Cuddy,2,18,02x18,Sleeping Dogs Lie,13
Cameron,Wilson,2,18,02x18,Sleeping Dogs Lie,1
House,Wilson,2,19,02x19,House vs God,120
Chase,House,2,19,02x19,House vs God,38
Cameron,Foreman,2,19,02x19,House vs God,12
Chase,Foreman,2,19,02x19,House vs God,12
Foreman,House,2,19,02x19,House vs God,9
Cameron,House,2,19,02x19,House vs God,5
Chase,Wilson,2,19,02x19,House vs God,3
Cameron,Chase,2,19,02x19,House vs God,2
Cuddy,House,2,19,02x19,House vs God,2
Foreman,House,2,20,02x20,Euhoria Part 1,71
Cameron,House,2,20,02x20,Euhoria Part 1,68
Cameron,Foreman,2,20,02x20,Euhoria Part 1,48
Chase,Foreman,2,20,02x20,Euhoria Part 1,45
Chase,House,2,20,02x20,Euhoria Part 1,44
Cameron,Chase,2,20,02x20,Euhoria Part 1,16
House,Wilson,2,20,02x20,Euhoria Part 1,7
Cuddy,House,2,20,02x20,Euhoria Part 1,5
Chase,Cuddy,2,20,02x20,Euhoria Part 1,1
Chase,Wilson,2,20,02x20,Euhoria Part 1,1
Cameron,Wilson,2,20,02x20,Euhoria Part 1,1
Cameron,House,2,21,02x21,Euhoria Part 2,74
Foreman,House,2,21,02x21,Euhoria Part 2,68
Cuddy,House,2,21,02x21,Euhoria Part 2,55
Cameron,Foreman,2,21,02x21,Euhoria Part 2,42
House,Wilson,2,21,02x21,Euhoria Part 2,37
Cuddy,Foreman,2,21,02x21,Euhoria Part 2,11
Cameron,Chase,2,21,02x21,Euhoria Part 2,11
Chase,House,2,21,02x21,Euhoria Part 2,11
Chase,Foreman,2,21,02x21,Euhoria Part 2,10
Cameron,Wilson,2,21,02x21,Euhoria Part 2,1
Cameron,Cuddy,2,21,02x21,Euhoria Part 2,1
Foreman,House,2,22,02x22,Forever,67
Cameron,House,2,22,02x22,Forever,56
Cameron,Foreman,2,22,02x22,Forever,42
House,Wilson,2,22,02x22,Forever,40
Chase,House,2,22,02x22,Forever,39
Cuddy,House,2,22,02x22,Forever,27
Cuddy,Wilson,2,22,02x22,Forever,8
Cameron,Chase,2,22,02x22,Forever,4
Chase,Foreman,2,22,02x22,Forever,4
Chase,Wilson,2,22,02x22,Forever,3
Cameron,Wilson,2,22,02x22,Forever,1
Cameron,House,2,23,02x23,Who's Your Daddy,57
Cuddy,House,2,23,02x23,Who's Your Daddy,52
Chase,House,2,23,02x23,Who's Your Daddy,33
Foreman,House,2,23,02x23,Who's Your Daddy,32
House,Wilson,2,23,02x23,Who's Your Daddy,27
Cameron,Chase,2,23,02x23,Who's Your Daddy,13
Chase,Foreman,2,23,02x23,Who's Your Daddy,11
Cameron,Foreman,2,23,02x23,Who's Your Daddy,7
Cameron,House,2,24,02x24,No Reason,75
Cuddy,House,2,24,02x24,No Reason,53
House,Wilson,2,24,02x24,No Reason,43
Chase,House,2,24,02x24,No Reason,42
Foreman,House,2,24,02x24,No Reason,34
Chase,Foreman,2,24,02x24,No Reason,11
Cameron,Foreman,2,24,02x24,No Reason,9
Cameron,Chase,2,24,02x24,No Reason,6
Cameron,House,3,1,03x01,Meaning,66
House,Wilson,3,1,03x01,Meaning,59
Cuddy,House,3,1,03x01,Meaning,44
Foreman,House,3,1,03x01,Meaning,32
Chase,Foreman,3,1,03x01,Meaning,22
Chase,House,3,1,03x01,Meaning,20
Cuddy,Wilson,3,1,03x01,Meaning,18
Cameron,Foreman,3,1,03x01,Meaning,17
Cameron,Chase,3,1,03x01,Meaning,8
Cameron,Wilson,3,1,03x01,Meaning,1
Cameron,Cuddy,3,1,03x01,Meaning,1
Chase,House,3,2,03x02,Cane & Able,59
Cuddy,House,3,2,03x02,Cane & Able,41
Foreman,House,3,2,03x02,Cane & Able,33
Cameron,House,3,2,03x02,Cane & Able,31
House,Wilson,3,2,03x02,Cane & Able,23
Cameron,Foreman,3,2,03x02,Cane & Able,16
Cameron,Cuddy,3,2,03x02,Cane & Able,16
Cuddy,Wilson,3,2,03x02,Cane & Able,15
Chase,Foreman,3,2,03x02,Cane & Able,15
Cameron,Chase,3,2,03x02,Cane & Able,7
Cameron,Wilson,3,2,03x02,Cane & Able,4
Chase,Wilson,3,2,03x02,Cane & Able,1
Cameron,House,3,3,03x03,Informed Consent,83
Foreman,House,3,3,03x03,Informed Consent,47
Chase,House,3,3,03x03,Informed Consent,38
Chase,Foreman,3,3,03x03,Informed Consent,22
House,Wilson,3,3,03x03,Informed Consent,22
Cuddy,House,3,3,03x03,Informed Consent,17
Cameron,Foreman,3,3,03x03,Informed Consent,10
Cameron,Chase,3,3,03x03,Informed Consent,5
Cameron,Wilson,3,3,03x03,Informed Consent,1
Cuddy,House,3,4,03x04,Lines In The Sand,80
Foreman,House,3,4,03x04,Lines In The Sand,55
Cameron,House,3,4,03x04,Lines In The Sand,39
House,Wilson,3,4,03x04,Lines In The Sand,25
Chase,House,3,4,03x04,Lines In The Sand,22
Cameron,Chase,3,4,03x04,Lines In The Sand,13
Cuddy,Wilson,3,4,03x04,Lines In The Sand,13
Chase,Foreman,3,4,03x04,Lines In The Sand,8
Cameron,Foreman,3,4,03x04,Lines In The Sand,8
Foreman,Wilson,3,4,03x04,Lines In The Sand,8
Cameron,Wilson,3,4,03x04,Lines In The Sand,4
Cuddy,Foreman,3,4,03x04,Lines In The Sand,2
Foreman,House,3,5,03x05,Fools For Love,95
Cameron,House,3,5,03x05,Fools For Love,59
Chase,Foreman,3,5,03x05,Fools For Love,38
Chase,House,3,5,03x05,Fools For Love,31
House,Wilson,3,5,03x05,Fools For Love,27
Cuddy,House,3,5,03x05,Fools For Love,22
Cameron,Chase,3,5,03x05,Fools For Love,11
Cameron,Foreman,3,5,03x05,Fools For Love,7
Cuddy,Wilson,3,5,03x05,Fools For Love,1
Cuddy,Foreman,3,5,03x05,Fools For Love,1
Cameron,House,3,6,03x06,Que Serà Serà,67
Foreman,House,3,6,03x06,Que Serà Serà,44
House,Wilson,3,6,03x06,Que Serà Serà,34
Cameron,Foreman,3,6,03x06,Que Serà Serà,28
Chase,Foreman,3,6,03x06,Que Serà Serà,17
Cameron,Chase,3,6,03x06,Que Serà Serà,16
Cuddy,House,3,6,03x06,Que Serà Serà,10
Chase,House,3,6,03x06,Que Serà Serà,7
Cameron,Cuddy,3,6,03x06,Que Serà Serà,6
Cameron,Wilson,3,6,03x06,Que Serà Serà,3
Chase,Cuddy,3,6,03x06,Que Serà Serà,2
Cuddy,Foreman,3,6,03x06,Que Serà Serà,2
House,Wilson,3,7,03x07,Son of Coma Guy,61
Foreman,House,3,7,03x07,Son of Coma Guy,22
Cameron,Foreman,3,7,03x07,Son of Coma Guy,18
Cameron,Chase,3,7,03x07,Son of Coma Guy,15
Cuddy,House,3,7,03x07,Son of Coma Guy,13
Chase,House,3,7,03x07,Son of Coma Guy,8
Chase,Foreman,3,7,03x07,Son of Coma Guy,6
Cameron,House,3,7,03x07,Son of Coma Guy,4
Foreman,House,3,8,03x08,Whack-a-mole,53
Cameron,House,3,8,03x08,Whack-a-mole,39
Chase,House,3,8,03x08,Whack-a-mole,36
House,Wilson,3,8,03x08,Whack-a-mole,28
Cuddy,House,3,8,03x08,Whack-a-mole,23
Cameron,Foreman,3,8,03x08,Whack-a-mole,15
Cameron,Chase,3,8,03x08,Whack-a-mole,12
Cameron,Wilson,3,8,03x08,Whack-a-mole,12
Chase,Foreman,3,8,03x08,Whack-a-mole,9
Cuddy,Wilson,3,8,03x08,Whack-a-mole,6
Foreman,Wilson,3,8,03x08,Whack-a-mole,2
Cuddy,House,3,9,03x09,Finding Judas,39
Chase,House,3,9,03x09,Finding Judas,26
Chase,Foreman,3,9,03x09,Finding Judas,24
Cuddy,Wilson,3,9,03x09,Finding Judas,20
Cameron,House,3,9,03x09,Finding Judas,19
Foreman,House,3,9,03x09,Finding Judas,19
Cameron,Chase,3,9,03x09,Finding Judas,16
Cuddy,Foreman,3,9,03x09,Finding Judas,12
Cameron,Foreman,3,9,03x09,Finding Judas,10
House,Wilson,3,9,03x09,Finding Judas,7
Chase,Wilson,3,9,03x09,Finding Judas,5
House,Wilson,3,10,03x10,Merry Little Christmas,47
Cuddy,House,3,10,03x10,Merry Little Christmas,41
Cameron,House,3,10,03x10,Merry Little Christmas,39
Cameron,Wilson,3,10,03x10,Merry Little Christmas,30
Cuddy,Wilson,3,10,03x10,Merry Little Christmas,25
Foreman,House,3,10,03x10,Merry Little Christmas,24
Foreman,Wilson,3,10,03x10,Merry Little Christmas,15
Cuddy,Foreman,3,10,03x10,Merry Little Christmas,13
Chase,House,3,10,03x10,Merry Little Christmas,12
Chase,Foreman,3,10,03x10,Merry Little Christmas,11
Cameron,Cuddy,3,10,03x10,Merry Little Christmas,10
Cameron,Foreman,3,10,03x10,Merry Little Christmas,8
Cameron,Chase,3,10,03x10,Merry Little Christmas,5
Chase,Cuddy,3,10,03x10,Merry Little Christmas,3
Chase,Wilson,3,10,03x10,Merry Little Christmas,1
House,Wilson,3,11,03x11,Words and Deeds,29
Cameron,House,3,11,03x11,Words and Deeds,25
Cuddy,House,3,11,03x11,Words and Deeds,24
Foreman,House,3,11,03x11,Words and Deeds,23
Cameron,Foreman,3,11,03x11,Words and Deeds,21
Cameron,Chase,3,11,03x11,Words and Deeds,20
Chase,House,3,11,03x11,Words and Deeds,19
Chase,Foreman,3,11,03x11,Words and Deeds,11
Cuddy,Wilson,3,11,03x11,Words and Deeds,1
Cuddy,House,3,12,03x12,"One Day, One Room",70
House,Wilson,3,12,03x12,"One Day, One Room",21
Cameron,House,3,12,03x12,"One Day, One Room",18
Foreman,House,3,12,03x12,"One Day, One Room",11
Chase,House,3,12,03x12,"One Day, One Room",9
Cameron,Foreman,3,12,03x12,"One Day, One Room",8
Cameron,Cuddy,3,12,03x12,"One Day, One Room",1
Cameron,Chase,3,12,03x12,"One Day, One Room",1
Chase,Foreman,3,12,03x12,"One Day, One Room",1
Foreman,House,3,13,03x13,Needle In a Haystack,68
Cuddy,House,3,13,03x13,Needle In a Haystack,32
Cameron,House,3,13,03x13,Needle In a Haystack,25
House,Wilson,3,13,03x13,Needle In a Haystack,24
Cameron,Foreman,3,13,03x13,Needle In a Haystack,20
Chase,House,3,13,03x13,Needle In a Haystack,16
Chase,Foreman,3,13,03x13,Needle In a Haystack,16
Cameron,Chase,3,13,03x13,Needle In a Haystack,7
Foreman,House,3,14,03x14,Insensitive,56
House,Wilson,3,14,03x14,Insensitive,48
Cuddy,House,3,14,03x14,Insensitive,46
Cameron,Chase,3,14,03x14,Insensitive,28
Cameron,House,3,14,03x14,Insensitive,27
Cameron,Foreman,3,14,03x14,Insensitive,26
Chase,House,3,14,03x14,Insensitive,23
Chase,Foreman,3,14,03x14,Insensitive,13
Cameron,Wilson,3,14,03x14,Insensitive,2
Foreman,House,3,15,03x15,Half-Wit,74
Cameron,House,3,15,03x15,Half-Wit,43
Chase,House,3,15,03x15,Half-Wit,37
House,Wilson,3,15,03x15,Half-Wit,29
Cameron,Foreman,3,15,03x15,Half-Wit,19
Cameron,Chase,3,15,03x15,Half-Wit,16
Cuddy,House,3,15,03x15,Half-Wit,15
Chase,Foreman,3,15,03x15,Half-Wit,8
Cuddy,Wilson,3,15,03x15,Half-Wit,6
Cameron,Wilson,3,15,03x15,Half-Wit,2
House,Wilson,3,16,03x16,Top Secret,78
Cuddy,House,3,16,03x16,Top Secret,51
Cameron,Chase,3,16,03x16,Top Secret,45
Cameron,House,3,16,03x16,Top Secret,42
Foreman,House,3,16,03x16,Top Secret,36
Chase,House,3,16,03x16,Top Secret,33
Chase,Foreman,3,16,03x16,Top Secret,17
Cameron,Foreman,3,16,03x16,Top Secret,13
Foreman,Wilson,3,16,03x16,Top Secret,4
Cuddy,Foreman,3,16,03x16,Top Secret,4
Chase,Wilson,3,16,03x16,Top Secret,3
Cameron,Wilson,3,16,03x16,Top Secret,2
Cuddy,Wilson,3,16,03x16,Top Secret,1
Chase,Cuddy,3,16,03x16,Top Secret,1
Cuddy,House,3,17,03x17,Fetal Position,101
Cameron,House,3,17,03x17,Fetal Position,46
Chase,House,3,17,03x17,Fetal Position,27
Chase,Foreman,3,17,03x17,Fetal Position,27
Cameron,Chase,3,17,03x17,Fetal Position,26
Foreman,House,3,17,03x17,Fetal Position,25
Cuddy,Wilson,3,17,03x17,Fetal Position,22
Cameron,Cuddy,3,17,03x17,Fetal Position,20
Cuddy,Foreman,3,17,03x17,Fetal Position,10
Chase,Cuddy,3,17,03x17,Fetal Position,7
Cameron,Foreman,3,17,03x17,Fetal Position,4
Cuddy,House,3,18,03x18,Airborne,113
Cameron,Chase,3,18,03x18,Airborne,39
Cameron,Foreman,3,18,03x18,Airborne,19
Chase,Foreman,3,18,03x18,Airborne,9
Cameron,Wilson,3,18,03x18,Airborne,6
Chase,Wilson,3,18,03x18,Airborne,5
Foreman,Wilson,3,18,03x18,Airborne,4
House,Wilson,3,18,03x18,Airborne,1
Cuddy,Wilson,3,18,03x18,Airborne,1
House,Wilson,3,19,03x19,Act Your Age,65
Cameron,Chase,3,19,03x19,Act Your Age,54
Cameron,House,3,19,03x19,Act Your Age,49
Cuddy,House,3,19,03x19,Act Your Age,32
Chase,Foreman,3,19,03x19,Act Your Age,30
Cameron,Foreman,3,19,03x19,Act Your Age,17
Chase,House,3,19,03x19,Act Your Age,17
Foreman,House,3,19,03x19,Act Your Age,16
Foreman,Wilson,3,19,03x19,Act Your Age,3
House,Wilson,3,20,03x20,House Training,42
Foreman,House,3,20,03x20,House Training,32
Chase,Foreman,3,20,03x20,House Training,31
Cameron,Foreman,3,20,03x20,House Training,21
Foreman,Wilson,3,20,03x20,House Training,14
Cuddy,House,3,20,03x20,House Training,12
Cameron,Chase,3,20,03x20,House Training,10
Cuddy,Wilson,3,20,03x20,House Training,6
Chase,House,3,20,03x20,House Training,5
Cameron,House,3,20,03x20,House Training,5
House,Wilson,3,21,03x21,Family,89
Foreman,House,3,21,03x21,Family,41
Foreman,Wilson,3,21,03x21,Family,23
Cameron,Chase,3,21,03x21,Family,18
Chase,Foreman,3,21,03x21,Family,16
Chase,House,3,21,03x21,Family,13
Cameron,House,3,21,03x21,Family,10
Cuddy,House,3,21,03x21,Family,8
Chase,Wilson,3,21,03x21,Family,3
Cuddy,Foreman,3,21,03x21,Family,3
Cameron,Wilson,3,21,03x21,Family,2
Cuddy,Wilson,3,21,03x21,Family,2
House,Wilson,3,22,03x22,Resignation,73
Chase,House,3,22,03x22,Resignation,44
Foreman,House,3,22,03x22,Resignation,40
Cameron,House,3,22,03x22,Resignation,25
Cameron,Foreman,3,22,03x22,Resignation,19
Chase,Foreman,3,22,03x22,Resignation,18
Cuddy,Foreman,3,22,03x22,Resignation,15
Cuddy,House,3,22,03x22,Resignation,14
Foreman,Wilson,3,22,03x22,Resignation,9
Cameron,Chase,3,22,03x22,Resignation,4
Chase,Cuddy,3,22,03x22,Resignation,2
Cameron,Cuddy,3,22,03x22,Resignation,1
Foreman,House,3,23,03x23,The Jerk,52
Cameron,Chase,3,23,03x23,The Jerk,38
Chase,House,3,23,03x23,The Jerk,37
Cameron,House,3,23,03x23,The Jerk,28
Cuddy,House,3,23,03x23,The Jerk,22
Cameron,Wilson,3,23,03x23,The Jerk,14
Cuddy,Foreman,3,23,03x23,The Jerk,11
Chase,Foreman,3,23,03x23,The Jerk,8
Cuddy,Wilson,3,23,03x23,The Jerk,8
Cameron,Foreman,3,23,03x23,The Jerk,5
Chase,Cuddy,3,23,03x23,The Jerk,1
House,Wilson,3,24,03x24,Human Error,48
Foreman,House,3,24,03x24,Human Error,40
Cameron,House,3,24,03x24,Human Error,40
Cuddy,House,3,24,03x24,Human Error,31
Chase,House,3,24,03x24,Human Error,30
Cameron,Chase,3,24,03x24,Human Error,22
Cameron,Foreman,3,24,03x24,Human Error,22
Chase,Foreman,3,24,03x24,Human Error,12
Cuddy,Foreman,3,24,03x24,Human Error,3
Cameron,Wilson,3,24,03x24,Human Error,2
Chase,Wilson,3,24,03x24,Human Error,1
Cuddy,Wilson,3,24,03x24,Human Error,1
Chase,Cuddy,3,24,03x24,Human Error,1
Cuddy,House,4,1,04x01,Alone,86
House,Wilson,4,1,04x01,Alone,69
Cuddy,Wilson,4,1,04x01,Alone,6
House,Wilson,4,2,04x02,The Right Stuff,33
Cuddy,House,4,2,04x02,The Right Stuff,30
Cameron,House,4,2,04x02,The Right Stuff,20
Chase,House,4,2,04x02,The Right Stuff,4
House,Thirteen,4,3,04x03,97 Seconds,44
House,Wilson,4,3,04x03,97 Seconds,39
Cuddy,House,4,3,04x03,97 Seconds,33
Amber,House,4,3,04x03,97 Seconds,31
Amber,Chase,4,3,04x03,97 Seconds,17
Amber,Taub,4,3,04x03,97 Seconds,16
Amber,Thirteen,4,3,04x03,97 Seconds,11
House,Kutner,4,3,04x03,97 Seconds,9
Amber,Cameron,4,3,04x03,97 Seconds,9
House,Taub,4,3,04x03,97 Seconds,7
Chase,House,4,3,04x03,97 Seconds,7
Amber,Kutner,4,3,04x03,97 Seconds,3
Kutner,Thirteen,4,3,04x03,97 Seconds,3
Amber,Wilson,4,3,04x03,97 Seconds,3
Foreman,House,4,3,04x03,97 Seconds,2
Thirteen,Wilson,4,3,04x03,97 Seconds,2
Kutner,Taub,4,3,04x03,97 Seconds,1
Kutner,Wilson,4,3,04x03,97 Seconds,1
Cameron,Chase,4,3,04x03,97 Seconds,1
Cameron,Thirteen,4,3,04x03,97 Seconds,1
Cameron,House,4,4,04x04,Guardian Angels,32
Cuddy,Foreman,4,4,04x04,Guardian Angels,23
House,Taub,4,4,04x04,Guardian Angels,19
Amber,Taub,4,4,04x04,Guardian Angels,16
House,Wilson,4,4,04x04,Guardian Angels,16
Amber,House,4,4,04x04,Guardian Angels,13
Cuddy,House,4,4,04x04,Guardian Angels,10
House,Kutner,4,4,04x04,Guardian Angels,7
Amber,Kutner,4,4,04x04,Guardian Angels,7
Amber,Cuddy,4,4,04x04,Guardian Angels,7
Kutner,Taub,4,4,04x04,Guardian Angels,3
Chase,House,4,4,04x04,Guardian Angels,1
Foreman,House,4,5,04x05,"Mirror, Mirror",91
House,Kutner,4,5,04x05,"Mirror, Mirror",31
House,Wilson,4,5,04x05,"Mirror, Mirror",24
Cuddy,House,4,5,04x05,"Mirror, Mirror",22
House,Taub,4,5,04x05,"Mirror, Mirror",14
Amber,Kutner,4,5,04x05,"Mirror, Mirror",13
Cameron,Foreman,4,5,04x05,"Mirror, Mirror",11
Amber,House,4,5,04x05,"Mirror, Mirror",10
Cuddy,Wilson,4,5,04x05,"Mirror, Mirror",10
Amber,Chase,4,5,04x05,"Mirror, Mirror",8
Foreman,Taub,4,5,04x05,"Mirror, Mirror",8
Kutner,Taub,4,5,04x05,"Mirror, Mirror",7
Foreman,Kutner,4,5,04x05,"Mirror, Mirror",7
Foreman,Wilson,4,5,04x05,"Mirror, Mirror",5
Amber,Cuddy,4,5,04x05,"Mirror, Mirror",2
Chase,Kutner,4,5,04x05,"Mirror, Mirror",1
Amber,Taub,4,5,04x05,"Mirror, Mirror",1
Cuddy,Foreman,4,5,04x05,"Mirror, Mirror",1
Cameron,Foreman,4,6,04x06,Whatever It Takes,20
Foreman,House,4,6,04x06,Whatever It Takes,15
Foreman,Taub,4,6,04x06,Whatever It Takes,13
House,Wilson,4,6,04x06,Whatever It Takes,12
Amber,Foreman,4,6,04x06,Whatever It Takes,10
Amber,Taub,4,6,04x06,Whatever It Takes,9
Cameron,Chase,4,6,04x06,Whatever It Takes,8
House,Taub,4,6,04x06,Whatever It Takes,7
Foreman,Kutner,4,6,04x06,Whatever It Takes,7
Cuddy,Wilson,4,6,04x06,Whatever It Takes,6
Cuddy,House,4,6,04x06,Whatever It Takes,6
Amber,Cameron,4,6,04x06,Whatever It Takes,5
Cameron,Taub,4,6,04x06,Whatever It Takes,5
Amber,Kutner,4,6,04x06,Whatever It Takes,3
House,Kutner,4,6,04x06,Whatever It Takes,3
Amber,House,4,6,04x06,Whatever It Takes,2
Kutner,Taub,4,6,04x06,Whatever It Takes,1
House,Taub,4,7,04x07,Ugly,63
House,Wilson,4,7,04x07,Ugly,52
Cuddy,House,4,7,04x07,Ugly,18
House,Kutner,4,7,04x07,Ugly,12
House,Thirteen,4,7,04x07,Ugly,11
Chase,Thirteen,4,7,04x07,Ugly,9
Foreman,House,4,7,04x07,Ugly,6
Foreman,Taub,4,7,04x07,Ugly,6
Chase,House,4,7,04x07,Ugly,4
Chase,Cuddy,4,7,04x07,Ugly,1
Taub,Thirteen,4,7,04x07,Ugly,1
Kutner,Taub,4,7,04x07,Ugly,1
Cuddy,Kutner,4,7,04x07,Ugly,1
Foreman,Thirteen,4,7,04x07,Ugly,1
Cuddy,Taub,4,7,04x07,Ugly,1
Cameron,Chase,4,7,04x07,Ugly,1
Cameron,Taub,4,7,04x07,Ugly,1
House,Kutner,4,8,04x08,You Don't Want to Know,47
House,Wilson,4,8,04x08,You Don't Want to Know,25
Foreman,House,4,8,04x08,You Don't Want to Know,22
Amber,House,4,8,04x08,You Don't Want to Know,18
House,Taub,4,8,04x08,You Don't Want to Know,13
Amber,Taub,4,8,04x08,You Don't Want to Know,12
Kutner,Taub,4,8,04x08,You Don't Want to Know,9
Foreman,Kutner,4,8,04x08,You Don't Want to Know,8
Cuddy,House,4,8,04x08,You Don't Want to Know,8
Amber,Cuddy,4,8,04x08,You Don't Want to Know,2
Amber,Kutner,4,8,04x08,You Don't Want to Know,2
Cuddy,Taub,4,8,04x08,You Don't Want to Know,1
Amber,Foreman,4,8,04x08,You Don't Want to Know,1
Kutner,Wilson,4,8,04x08,You Don't Want to Know,1
House,Wilson,4,9,04x09,Games,46
Cuddy,House,4,9,04x09,Games,45
House,Kutner,4,9,04x09,Games,45
Amber,House,4,9,04x09,Games,43
Foreman,House,4,9,04x09,Games,23
House,Taub,4,9,04x09,Games,23
Chase,Foreman,4,9,04x09,Games,9
Chase,Taub,4,9,04x09,Games,6
Cameron,House,4,9,04x09,Games,5
Amber,Kutner,4,9,04x09,Games,5
Amber,Taub,4,9,04x09,Games,4
Chase,House,4,9,04x09,Games,4
Kutner,Taub,4,9,04x09,Games,3
Foreman,Taub,4,9,04x09,Games,2
Amber,Foreman,4,9,04x09,Games,2
Cuddy,Kutner,4,9,04x09,Games,1
Foreman,Kutner,4,9,04x09,Games,1
Amber,Cuddy,4,9,04x09,Games,1
House,Wilson,4,10,04x10,It's a Wonderful Lie,52
House,Thirteen,4,10,04x10,It's a Wonderful Lie,44
House,Kutner,4,10,04x10,It's a Wonderful Lie,33
Kutner,Thirteen,4,10,04x10,It's a Wonderful Lie,30
House,Taub,4,10,04x10,It's a Wonderful Lie,27
Foreman,House,4,10,04x10,It's a Wonderful Lie,19
Foreman,Kutner,4,10,04x10,It's a Wonderful Lie,11
Kutner,Taub,4,10,04x10,It's a Wonderful Lie,10
Chase,Foreman,4,10,04x10,It's a Wonderful Lie,10
Foreman,Taub,4,10,04x10,It's a Wonderful Lie,7
Cuddy,House,4,10,04x10,It's a Wonderful Lie,7
Taub,Thirteen,4,10,04x10,It's a Wonderful Lie,6
Foreman,Thirteen,4,10,04x10,It's a Wonderful Lie,3
House,Wilson,4,11,04x11,Frozen,74
Foreman,House,4,11,04x11,Frozen,49
House,Kutner,4,11,04x11,Frozen,25
Cameron,House,4,11,04x11,Frozen,16
House,Taub,4,11,04x11,Frozen,15
Cuddy,House,4,11,04x11,Frozen,13
Foreman,Wilson,4,11,04x11,Frozen,10
Cameron,Taub,4,11,04x11,Frozen,6
Kutner,Taub,4,11,04x11,Frozen,5
Cuddy,Foreman,4,11,04x11,Frozen,4
Amber,Wilson,4,11,04x11,Frozen,3
Foreman,Kutner,4,11,04x11,Frozen,2
Cameron,Kutner,4,11,04x11,Frozen,2
Foreman,Taub,4,11,04x11,Frozen,2
Amber,House,4,11,04x11,Frozen,1
House,Wilson,4,12,04x12,Don't Ever Change,41
House,Taub,4,12,04x12,Don't Ever Change,32
Kutner,Taub,4,12,04x12,Don't Ever Change,23
House,Kutner,4,12,04x12,Don't Ever Change,23
Foreman,House,4,12,04x12,Don't Ever Change,21
Amber,House,4,12,04x12,Don't Ever Change,20
Cuddy,House,4,12,04x12,Don't Ever Change,18
Foreman,Taub,4,12,04x12,Don't Ever Change,15
Foreman,Kutner,4,12,04x12,Don't Ever Change,8
Cuddy,Wilson,4,12,04x12,Don't Ever Change,7
Chase,House,4,12,04x12,Don't Ever Change,7
Amber,Wilson,4,12,04x12,Don't Ever Change,4
House,Kutner,4,13,04x13,No More Mr. Nice Guy,51
House,Wilson,4,13,04x13,No More Mr. Nice Guy,44
Amber,House,4,13,04x13,No More Mr. Nice Guy,41
Foreman,House,4,13,04x13,No More Mr. Nice Guy,40
House,Taub,4,13,04x13,No More Mr. Nice Guy,24
Kutner,Taub,4,13,04x13,No More Mr. Nice Guy,23
Foreman,Kutner,4,13,04x13,No More Mr. Nice Guy,20
Cuddy,House,4,13,04x13,No More Mr. Nice Guy,20
Foreman,Thirteen,4,13,04x13,No More Mr. Nice Guy,17
House,Thirteen,4,13,04x13,No More Mr. Nice Guy,16
Chase,House,4,13,04x13,No More Mr. Nice Guy,15
Foreman,Taub,4,13,04x13,No More Mr. Nice Guy,13
Cameron,House,4,13,04x13,No More Mr. Nice Guy,12
Taub,Thirteen,4,13,04x13,No More Mr. Nice Guy,7
Cameron,Chase,4,13,04x13,No More Mr. Nice Guy,7
Amber,Wilson,4,13,04x13,No More Mr. Nice Guy,5
Cuddy,Wilson,4,13,04x13,No More Mr. Nice Guy,4
Kutner,Thirteen,4,13,04x13,No More Mr. Nice Guy,4
Cameron,Foreman,4,13,04x13,No More Mr. Nice Guy,4
Amber,Cuddy,4,13,04x13,No More Mr. Nice Guy,3
Cameron,Taub,4,13,04x13,No More Mr. Nice Guy,3
Cameron,Kutner,4,13,04x13,No More Mr. Nice Guy,3
Amber,Taub,4,13,04x13,No More Mr. Nice Guy,3
Chase,Thirteen,4,13,04x13,No More Mr. Nice Guy,2
Cuddy,Kutner,4,13,04x13,No More Mr. Nice Guy,1
Chase,Foreman,4,13,04x13,No More Mr. Nice Guy,1
Amber,Kutner,4,13,04x13,No More Mr. Nice Guy,1
Cuddy,House,4,14,04x14,Living the Dream,57
Foreman,House,4,14,04x14,Living the Dream,39
House,Wilson,4,14,04x14,Living the Dream,32
Cameron,House,4,14,04x14,Living the Dream,28
Amber,Wilson,4,14,04x14,Living the Dream,25
Kutner,Thirteen,4,14,04x14,Living the Dream,21
House,Taub,4,14,04x14,Living the Dream,14
House,Kutner,4,14,04x14,Living the Dream,13
House,Thirteen,4,14,04x14,Living the Dream,12
Kutner,Taub,4,14,04x14,Living the Dream,10
Cuddy,Foreman,4,14,04x14,Living the Dream,8
Foreman,Thirteen,4,14,04x14,Living the Dream,6
Foreman,Kutner,4,14,04x14,Living the Dream,5
Cameron,Foreman,4,14,04x14,Living the Dream,3
Taub,Thirteen,4,14,04x14,Living the Dream,3
Cameron,Chase,4,14,04x14,Living the Dream,2
Chase,Cuddy,4,14,04x14,Living the Dream,2
Cuddy,Thirteen,4,14,04x14,Living the Dream,1
Cuddy,Taub,4,14,04x14,Living the Dream,1
Foreman,Taub,4,14,04x14,Living the Dream,1
Cuddy,House,4,15,04x15,House's Head,69
House,Wilson,4,15,04x15,House's Head,51
House,Thirteen,4,15,04x15,House's Head,41
Chase,House,4,15,04x15,House's Head,21
House,Taub,4,15,04x15,House's Head,20
House,Kutner,4,15,04x15,House's Head,17
Foreman,House,4,15,04x15,House's Head,15
Kutner,Taub,4,15,04x15,House's Head,9
Cameron,House,4,15,04x15,House's Head,6
Chase,Wilson,4,15,04x15,House's Head,6
Amber,House,4,15,04x15,House's Head,5
Cuddy,Thirteen,4,15,04x15,House's Head,4
Foreman,Taub,4,15,04x15,House's Head,3
Foreman,Thirteen,4,15,04x15,House's Head,3
Cuddy,Kutner,4,15,04x15,House's Head,3
Kutner,Thirteen,4,15,04x15,House's Head,2
Foreman,Kutner,4,15,04x15,House's Head,2
Cameron,Wilson,4,15,04x15,House's Head,1
Amber,Wilson,4,15,04x15,House's Head,1
Taub,Thirteen,4,15,04x15,House's Head,1
Cameron,Cuddy,4,15,04x15,House's Head,1
Amber,House,4,16,04x16,Wilson's Heart,46
House,Wilson,4,16,04x16,Wilson's Heart,45
Amber,Wilson,4,16,04x16,Wilson's Heart,24
House,Taub,4,16,04x16,Wilson's Heart,22
Foreman,House,4,16,04x16,Wilson's Heart,18
Cuddy,Wilson,4,16,04x16,Wilson's Heart,14
Foreman,Wilson,4,16,04x16,Wilson's Heart,9
Cuddy,House,4,16,04x16,Wilson's Heart,8
House,Kutner,4,16,04x16,Wilson's Heart,7
Kutner,Taub,4,16,04x16,Wilson's Heart,6
Foreman,Taub,4,16,04x16,Wilson's Heart,5
Kutner,Wilson,4,16,04x16,Wilson's Heart,4
Taub,Wilson,4,16,04x16,Wilson's Heart,4
Foreman,Kutner,4,16,04x16,Wilson's Heart,3
Chase,Foreman,4,16,04x16,Wilson's Heart,2
Chase,House,4,16,04x16,Wilson's Heart,2
Amber,Kutner,4,16,04x16,Wilson's Heart,1
Chase,Taub,4,16,04x16,Wilson's Heart,1
Chase,Kutner,4,16,04x16,Wilson's Heart,1
Cuddy,Taub,4,16,04x16,Wilson's Heart,1
Cuddy,House,5,1,05x01,Dying Changes Everything,57
House,Wilson,5,1,05x01,Dying Changes Everything,42
House,Thirteen,5,1,05x01,Dying Changes Everything,36
Taub,Thirteen,5,1,05x01,Dying Changes Everything,27
Cameron,House,5,1,05x01,Dying Changes Everything,15
Cameron,Wilson,5,1,05x01,Dying Changes Everything,14
Kutner,Thirteen,5,1,05x01,Dying Changes Everything,13
Kutner,Taub,5,1,05x01,Dying Changes Everything,12
Foreman,Taub,5,1,05x01,Dying Changes Everything,11
Foreman,Wilson,5,1,05x01,Dying Changes Everything,11
Foreman,House,5,1,05x01,Dying Changes Everything,10
Foreman,Kutner,5,1,05x01,Dying Changes Everything,10
Foreman,Thirteen,5,1,05x01,Dying Changes Everything,10
House,Taub,5,1,05x01,Dying Changes Everything,7
Chase,Taub,5,1,05x01,Dying Changes Everything,6
Chase,Foreman,5,1,05x01,Dying Changes Everything,6
Cuddy,Foreman,5,1,05x01,Dying Changes Everything,5
Chase,Thirteen,5,1,05x01,Dying Changes Everything,5
House,Kutner,5,1,05x01,Dying Changes Everything,4
Cuddy,Taub,5,1,05x01,Dying Changes Everything,4
Cuddy,Wilson,5,1,05x01,Dying Changes Everything,4
Thirteen,Wilson,5,1,05x01,Dying Changes Everything,3
Taub,Wilson,5,1,05x01,Dying Changes Everything,1
Cuddy,Kutner,5,1,05x01,Dying Changes Everything,1
Chase,Kutner,5,1,05x01,Dying Changes Everything,1
Foreman,House,5,2,05x02,Not Cancer,59
House,Taub,5,2,05x02,Not Cancer,30
House,Thirteen,5,2,05x02,Not Cancer,22
House,Kutner,5,2,05x02,Not Cancer,20
Foreman,Kutner,5,2,05x02,Not Cancer,16
Cuddy,House,5,2,05x02,Not Cancer,15
House,Wilson,5,2,05x02,Not Cancer,14
Chase,House,5,2,05x02,Not Cancer,9
Kutner,Taub,5,2,05x02,Not Cancer,6
Taub,Thirteen,5,2,05x02,Not Cancer,4
Foreman,Thirteen,5,2,05x02,Not Cancer,3
Kutner,Thirteen,5,2,05x02,Not Cancer,2
Foreman,Taub,5,2,05x02,Not Cancer,2
House,Taub,5,3,05x03,Adverse Events,83
House,Thirteen,5,3,05x03,Adverse Events,33
House,Kutner,5,3,05x03,Adverse Events,23
Taub,Thirteen,5,3,05x03,Adverse Events,22
Foreman,House,5,3,05x03,Adverse Events,21
Kutner,Taub,5,3,05x03,Adverse Events,18
Foreman,Taub,5,3,05x03,Adverse Events,6
Foreman,Thirteen,5,3,05x03,Adverse Events,6
Cuddy,House,5,3,05x03,Adverse Events,5
Foreman,Kutner,5,3,05x03,Adverse Events,4
Kutner,Thirteen,5,3,05x03,Adverse Events,1
House,Wilson,5,4,05x04,Birthmarks,117
Foreman,House,5,4,05x04,Birthmarks,27
House,Thirteen,5,4,05x04,Birthmarks,14
House,Kutner,5,4,05x04,Birthmarks,12
Cuddy,House,5,4,05x04,Birthmarks,12
House,Taub,5,4,05x04,Birthmarks,11
Kutner,Taub,5,4,05x04,Birthmarks,10
Foreman,Taub,5,4,05x04,Birthmarks,9
Chase,Foreman,5,4,05x04,Birthmarks,9
Foreman,Kutner,5,4,05x04,Birthmarks,9
Kutner,Thirteen,5,4,05x04,Birthmarks,5
Foreman,Thirteen,5,4,05x04,Birthmarks,5
Cameron,Kutner,5,4,05x04,Birthmarks,4
Cameron,Chase,5,4,05x04,Birthmarks,3
Taub,Thirteen,5,4,05x04,Birthmarks,2
Cameron,Foreman,5,4,05x04,Birthmarks,2
Chase,Taub,5,4,05x04,Birthmarks,2
House,Thirteen,5,5,05x05,Lucky Thirteen,74
House,Wilson,5,5,05x05,Lucky Thirteen,32
Foreman,House,5,5,05x05,Lucky Thirteen,32
Foreman,Thirteen,5,5,05x05,Lucky Thirteen,27
Cameron,House,5,5,05x05,Lucky Thirteen,13
House,Taub,5,5,05x05,Lucky Thirteen,11
Cuddy,House,5,5,05x05,Lucky Thirteen,10
Chase,Foreman,5,5,05x05,Lucky Thirteen,10
Taub,Thirteen,5,5,05x05,Lucky Thirteen,6
Chase,Taub,5,5,05x05,Lucky Thirteen,6
Cameron,Thirteen,5,5,05x05,Lucky Thirteen,5
Kutner,Thirteen,5,5,05x05,Lucky Thirteen,5
House,Kutner,5,5,05x05,Lucky Thirteen,3
Cuddy,Thirteen,5,5,05x05,Lucky Thirteen,3
Cuddy,Wilson,5,5,05x05,Lucky Thirteen,3
Kutner,Taub,5,5,05x05,Lucky Thirteen,2
Foreman,Kutner,5,5,05x05,Lucky Thirteen,1
Foreman,Taub,5,5,05x05,Lucky Thirteen,1
Cuddy,House,5,6,05x06,Joy,79
Taub,Thirteen,5,6,05x06,Joy,48
House,Taub,5,6,05x06,Joy,29
House,Thirteen,5,6,05x06,Joy,26
House,Kutner,5,6,05x06,Joy,23
Foreman,House,5,6,05x06,Joy,21
House,Wilson,5,6,05x06,Joy,20
Cameron,Cuddy,5,6,05x06,Joy,13
Kutner,Taub,5,6,05x06,Joy,9
Kutner,Thirteen,5,6,05x06,Joy,8
Foreman,Thirteen,5,6,05x06,Joy,7
Chase,House,5,6,05x06,Joy,5
Foreman,Taub,5,6,05x06,Joy,4
Chase,Cuddy,5,6,05x06,Joy,3
Foreman,Kutner,5,6,05x06,Joy,2
House,Wilson,5,8,05x08,Emancipation,41
Foreman,House,5,8,05x08,Emancipation,35
House,Thirteen,5,8,05x08,Emancipation,32
House,Kutner,5,8,05x08,Emancipation,27
Chase,Foreman,5,8,05x08,Emancipation,27
House,Taub,5,8,05x08,Emancipation,20
Taub,Thirteen,5,8,05x08,Emancipation,18
Foreman,Kutner,5,8,05x08,Emancipation,13
Cameron,Foreman,5,8,05x08,Emancipation,11
Cuddy,Foreman,5,8,05x08,Emancipation,10
Kutner,Taub,5,8,05x08,Emancipation,9
Cameron,Chase,5,8,05x08,Emancipation,9
Kutner,Thirteen,5,8,05x08,Emancipation,8
Foreman,Thirteen,5,8,05x08,Emancipation,7
Foreman,Taub,5,8,05x08,Emancipation,1
House,Thirteen,5,9,05x09,Last Resort,32
Cuddy,House,5,9,05x09,Last Resort,14
Cameron,House,5,9,05x09,Last Resort,11
Foreman,Thirteen,5,9,05x09,Last Resort,9
House,Wilson,5,9,05x09,Last Resort,7
Kutner,Taub,5,9,05x09,Last Resort,4
Cameron,Kutner,5,9,05x09,Last Resort,4
Chase,House,5,9,05x09,Last Resort,4
Foreman,House,5,9,05x09,Last Resort,3
House,Kutner,5,9,05x09,Last Resort,3
House,Taub,5,9,05x09,Last Resort,3
Kutner,Thirteen,5,9,05x09,Last Resort,1
Foreman,Taub,5,9,05x09,Last Resort,1
Cameron,Wilson,5,9,05x09,Last Resort,1
House,Taub,5,10,05x10,Let Them Eat Cake,56
Kutner,Taub,5,10,05x10,Let Them Eat Cake,52
Cuddy,House,5,10,05x10,Let Them Eat Cake,42
House,Kutner,5,10,05x10,Let Them Eat Cake,42
Foreman,Thirteen,5,10,05x10,Let Them Eat Cake,18
House,Thirteen,5,10,05x10,Let Them Eat Cake,15
Cuddy,Wilson,5,10,05x10,Let Them Eat Cake,14
Chase,Kutner,5,10,05x10,Let Them Eat Cake,9
Foreman,House,5,10,05x10,Let Them Eat Cake,8
House,Wilson,5,10,05x10,Let Them Eat Cake,8
Cameron,Kutner,5,10,05x10,Let Them Eat Cake,5
Kutner,Thirteen,5,10,05x10,Let Them Eat Cake,3
Cuddy,Kutner,5,10,05x10,Let Them Eat Cake,2
Cuddy,Taub,5,10,05x10,Let Them Eat Cake,2
Taub,Thirteen,5,10,05x10,Let Them Eat Cake,1
Cuddy,House,5,11,05x11,Joy to the World,51
Foreman,Thirteen,5,11,05x11,Joy to the World,32
Kutner,Taub,5,11,05x11,Joy to the World,24
House,Taub,5,11,05x11,Joy to the World,19
House,Wilson,5,11,05x11,Joy to the World,17
Taub,Wilson,5,11,05x11,Joy to the World,10
House,Thirteen,5,11,05x11,Joy to the World,9
House,Kutner,5,11,05x11,Joy to the World,7
Kutner,Wilson,5,11,05x11,Joy to the World,5
Cuddy,Wilson,5,11,05x11,Joy to the World,5
Cuddy,Taub,5,11,05x11,Joy to the World,4
Taub,Thirteen,5,11,05x11,Joy to the World,4
Chase,Kutner,5,11,05x11,Joy to the World,4
Kutner,Thirteen,5,11,05x11,Joy to the World,3
Cuddy,Kutner,5,11,05x11,Joy to the World,3
Cameron,Kutner,5,11,05x11,Joy to the World,3
Cuddy,Thirteen,5,11,05x11,Joy to the World,2
Foreman,Thirteen,5,12,05x12,Painless,34
Cuddy,House,5,12,05x12,Painless,31
House,Taub,5,12,05x12,Painless,26
Kutner,Taub,5,12,05x12,Painless,22
Foreman,House,5,12,05x12,Painless,20
House,Kutner,5,12,05x12,Painless,17
Cuddy,Wilson,5,12,05x12,Painless,15
House,Thirteen,5,12,05x12,Painless,11
Cameron,House,5,12,05x12,Painless,7
Taub,Thirteen,5,12,05x12,Painless,6
Kutner,Thirteen,5,12,05x12,Painless,6
Foreman,Kutner,5,12,05x12,Painless,3
Cuddy,Thirteen,5,12,05x12,Painless,3
Cameron,Thirteen,5,12,05x12,Painless,2
Cameron,Foreman,5,12,05x12,Painless,2
Cameron,Taub,5,12,05x12,Painless,2
Cuddy,Taub,5,12,05x12,Painless,2
Cameron,Cuddy,5,12,05x12,Painless,2
Foreman,Taub,5,12,05x12,Painless,1
Cuddy,Kutner,5,12,05x12,Painless,1
Chase,House,5,12,05x12,Painless,1
Cameron,House,5,13,05x13,Big Baby,62
House,Kutner,5,13,05x13,Big Baby,61
Foreman,House,5,13,05x13,Big Baby,29
Cameron,Cuddy,5,13,05x13,Big Baby,25
Cuddy,Wilson,5,13,05x13,Big Baby,24
Cuddy,House,5,13,05x13,Big Baby,23
House,Thirteen,5,13,05x13,Big Baby,18
Foreman,Thirteen,5,13,05x13,Big Baby,17
House,Taub,5,13,05x13,Big Baby,16
Kutner,Thirteen,5,13,05x13,Big Baby,13
Chase,Foreman,5,13,05x13,Big Baby,12
Taub,Thirteen,5,13,05x13,Big Baby,11
Kutner,Taub,5,13,05x13,Big Baby,8
Cameron,Kutner,5,13,05x13,Big Baby,3
Foreman,Taub,5,13,05x13,Big Baby,2
Foreman,Kutner,5,13,05x13,Big Baby,1
Cameron,Foreman,5,13,05x13,Big Baby,1
Foreman,Thirteen,5,14,05x14,The Greater Good,48
Foreman,House,5,14,05x14,The Greater Good,34
House,Taub,5,14,05x14,The Greater Good,29
House,Kutner,5,14,05x14,The Greater Good,23
Cuddy,House,5,14,05x14,The Greater Good,21
House,Thirteen,5,14,05x14,The Greater Good,17
Kutner,Taub,5,14,05x14,The Greater Good,17
House,Wilson,5,14,05x14,The Greater Good,16
Cuddy,Wilson,5,14,05x14,The Greater Good,12
Kutner,Thirteen,5,14,05x14,The Greater Good,6
Foreman,Kutner,5,14,05x14,The Greater Good,6
Taub,Thirteen,5,14,05x14,The Greater Good,3
Foreman,Taub,5,14,05x14,The Greater Good,2
Taub,Wilson,5,14,05x14,The Greater Good,1
Foreman,Thirteen,5,15,05x15,Unfaithful,47
House,Wilson,5,15,05x15,Unfaithful,37
Kutner,Taub,5,15,05x15,Unfaithful,25
Cuddy,House,5,15,05x15,Unfaithful,24
House,Kutner,5,15,05x15,Unfaithful,23
House,Taub,5,15,05x15,Unfaithful,22
House,Thirteen,5,15,05x15,Unfaithful,21
Foreman,House,5,15,05x15,Unfaithful,16
Cameron,House,5,15,05x15,Unfaithful,11
Taub,Thirteen,5,15,05x15,Unfaithful,11
Kutner,Thirteen,5,15,05x15,Unfaithful,10
Cuddy,Foreman,5,15,05x15,Unfaithful,5
Cameron,Chase,5,15,05x15,Unfaithful,5
Cameron,Cuddy,5,15,05x15,Unfaithful,5
Chase,Thirteen,5,15,05x15,Unfaithful,3
Cuddy,Wilson,5,15,05x15,Unfaithful,2
Cameron,Thirteen,5,15,05x15,Unfaithful,2
Cuddy,House,5,16,05x16,The Softer Side,46
Foreman,Thirteen,5,16,05x16,The Softer Side,44
House,Wilson,5,16,05x16,The Softer Side,42
Cuddy,Wilson,5,16,05x16,The Softer Side,23
House,Thirteen,5,16,05x16,The Softer Side,22
Foreman,Kutner,5,16,05x16,The Softer Side,21
Taub,Thirteen,5,16,05x16,The Softer Side,17
House,Taub,5,16,05x16,The Softer Side,9
House,Kutner,5,16,05x16,The Softer Side,9
Foreman,House,5,16,05x16,The Softer Side,8
Kutner,Wilson,5,16,05x16,The Softer Side,7
Foreman,Taub,5,16,05x16,The Softer Side,6
Kutner,Thirteen,5,16,05x16,The Softer Side,6
Foreman,Wilson,5,16,05x16,The Softer Side,5
Cuddy,Thirteen,5,16,05x16,The Softer Side,3
Kutner,Taub,5,16,05x16,The Softer Side,2
Thirteen,Wilson,5,16,05x16,The Softer Side,1
House,Wilson,5,17,05x17,The Social Contract,91
House,Taub,5,17,05x17,The Social Contract,38
House,Kutner,5,17,05x17,The Social Contract,18
Foreman,Thirteen,5,17,05x17,The Social Contract,18
Kutner,Taub,5,17,05x17,The Social Contract,16
Foreman,Taub,5,17,05x17,The Social Contract,11
Chase,House,5,17,05x17,The Social Contract,11
Foreman,House,5,17,05x17,The Social Contract,8
Cuddy,House,5,17,05x17,The Social Contract,7
House,Thirteen,5,17,05x17,The Social Contract,6
Foreman,Kutner,5,17,05x17,The Social Contract,5
Kutner,Wilson,5,17,05x17,The Social Contract,3
Taub,Thirteen,5,17,05x17,The Social Contract,2
Kutner,Thirteen,5,17,05x17,The Social Contract,2
Cuddy,Thirteen,5,17,05x17,The Social Contract,1
Cuddy,Foreman,5,17,05x17,The Social Contract,1
Taub,Wilson,5,17,05x17,The Social Contract,1
House,Kutner,5,18,05x18,Here Kitty,43
House,Taub,5,18,05x18,Here Kitty,39
Cuddy,House,5,18,05x18,Here Kitty,27
Foreman,House,5,18,05x18,Here Kitty,25
House,Wilson,5,18,05x18,Here Kitty,25
Kutner,Taub,5,18,05x18,Here Kitty,19
House,Thirteen,5,18,05x18,Here Kitty,17
Foreman,Thirteen,5,18,05x18,Here Kitty,9
Kutner,Thirteen,5,18,05x18,Here Kitty,8
Chase,House,5,18,05x18,Here Kitty,7
Foreman,Taub,5,18,05x18,Here Kitty,6
Foreman,Kutner,5,18,05x18,Here Kitty,4
Taub,Thirteen,5,18,05x18,Here Kitty,2
Chase,Wilson,5,18,05x18,Here Kitty,1
House,Wilson,5,19,05x19,Locked In,40
House,Taub,5,19,05x19,Locked In,17
Kutner,Taub,5,19,05x19,Locked In,16
House,Kutner,5,19,05x19,Locked In,15
Cameron,House,5,19,05x19,Locked In,12
Foreman,House,5,19,05x19,Locked In,11
Foreman,Thirteen,5,19,05x19,Locked In,8
Foreman,Kutner,5,19,05x19,Locked In,8
House,Thirteen,5,19,05x19,Locked In,7
Kutner,Thirteen,5,19,05x19,Locked In,6
Cuddy,House,5,19,05x19,Locked In,2
Foreman,Taub,5,19,05x19,Locked In,2
Taub,Thirteen,5,19,05x19,Locked In,1
House,Taub,5,20,05x20,Simple Explanation,44
House,Thirteen,5,20,05x20,Simple Explanation,39
Cuddy,House,5,20,05x20,Simple Explanation,24
Foreman,Thirteen,5,20,05x20,Simple Explanation,19
Cameron,House,5,20,05x20,Simple Explanation,18
House,Wilson,5,20,05x20,Simple Explanation,17
Foreman,House,5,20,05x20,Simple Explanation,16
Taub,Thirteen,5,20,05x20,Simple Explanation,10
Chase,Taub,5,20,05x20,Simple Explanation,6
Foreman,Taub,5,20,05x20,Simple Explanation,5
Cuddy,Taub,5,20,05x20,Simple Explanation,5
Cuddy,Wilson,5,20,05x20,Simple Explanation,4
Cuddy,Thirteen,5,20,05x20,Simple Explanation,1
Cuddy,Foreman,5,20,05x20,Simple Explanation,1
House,Wilson,5,21,05x21,Saviors,50
Cameron,House,5,21,05x21,Saviors,48
Cameron,Chase,5,21,05x21,Saviors,34
Foreman,House,5,21,05x21,Saviors,18
Cameron,Foreman,5,21,05x21,Saviors,17
House,Taub,5,21,05x21,Saviors,16
House,Thirteen,5,21,05x21,Saviors,15
Taub,Thirteen,5,21,05x21,Saviors,11
Chase,Cuddy,5,21,05x21,Saviors,8
Chase,Foreman,5,21,05x21,Saviors,8
Foreman,Taub,5,21,05x21,Saviors,7
Cameron,Taub,5,21,05x21,Saviors,7
Foreman,Thirteen,5,21,05x21,Saviors,6
Cameron,Cuddy,5,21,05x21,Saviors,6
Cuddy,House,5,21,05x21,Saviors,4
Cameron,Thirteen,5,21,05x21,Saviors,3
Amber,House,5,22,05x22,House Divided,92
Foreman,House,5,22,05x22,House Divided,34
Foreman,Thirteen,5,22,05x22,House Divided,26
House,Wilson,5,22,05x22,House Divided,23
Chase,House,5,22,05x22,House Divided,23
Cuddy,House,5,22,05x22,House Divided,20
House,Taub,5,22,05x22,House Divided,13
House,Thirteen,5,22,05x22,House Divided,11
Amber,Taub,5,22,05x22,House Divided,7
Amber,Thirteen,5,22,05x22,House Divided,7
Cameron,House,5,22,05x22,House Divided,7
Taub,Thirteen,5,22,05x22,House Divided,6
Foreman,Taub,5,22,05x22,House Divided,6
Amber,Foreman,5,22,05x22,House Divided,5
Amber,Cuddy,5,22,05x22,House Divided,4
Amber,Wilson,5,22,05x22,House Divided,3
Amber,Chase,5,22,05x22,House Divided,3
Chase,Foreman,5,22,05x22,House Divided,3
Cuddy,Foreman,5,22,05x22,House Divided,3
Cameron,Wilson,5,22,05x22,House Divided,2
Cameron,Chase,5,22,05x22,House Divided,2
Foreman,Wilson,5,22,05x22,House Divided,2
Amber,Cameron,5,22,05x22,House Divided,1
Chase,Wilson,5,22,05x22,House Divided,1
Chase,Taub,5,22,05x22,House Divided,1
Cuddy,Thirteen,5,22,05x22,House Divided,1
House,Wilson,5,23,05x23,Under My Skin,93
Cuddy,House,5,23,05x23,Under My Skin,49
Foreman,House,5,23,05x23,Under My Skin,48
Amber,House,5,23,05x23,Under My Skin,43
Cameron,Chase,5,23,05x23,Under My Skin,20
Chase,Foreman,5,23,05x23,Under My Skin,17
Foreman,Taub,5,23,05x23,Under My Skin,13
Amber,Wilson,5,23,05x23,Under My Skin,13
House,Taub,5,23,05x23,Under My Skin,13
Chase,Taub,5,23,05x23,Under My Skin,13
House,Thirteen,5,23,05x23,Under My Skin,11
Foreman,Thirteen,5,23,05x23,Under My Skin,9
Chase,Thirteen,5,23,05x23,Under My Skin,9
Taub,Thirteen,5,23,05x23,Under My Skin,7
Amber,Foreman,5,23,05x23,Under My Skin,6
Amber,Cuddy,5,23,05x23,Under My Skin,5
Foreman,Wilson,5,23,05x23,Under My Skin,4
Chase,House,5,23,05x23,Under My Skin,3
Amber,Thirteen,5,23,05x23,Under My Skin,1
Taub,Wilson,5,23,05x23,Under My Skin,1
Amber,Taub,5,23,05x23,Under My Skin,1
House,Wilson,5,24,05x24,Both Sides Now,67
Cuddy,House,5,24,05x24,Both Sides Now,32
House,Taub,5,24,05x24,Both Sides Now,23
Foreman,House,5,24,05x24,Both Sides Now,19
Taub,Thirteen,5,24,05x24,Both Sides Now,18
House,Thirteen,5,24,05x24,Both Sides Now,13
Cameron,Chase,5,24,05x24,Both Sides Now,11
Cameron,Taub,5,24,05x24,Both Sides Now,8
Cameron,House,5,24,05x24,Both Sides Now,8
Foreman,Thirteen,5,24,05x24,Both Sides Now,4
Chase,Taub,5,24,05x24,Both Sides Now,4
Cuddy,Wilson,5,24,05x24,Both Sides Now,4
Chase,Foreman,5,24,05x24,Both Sides Now,4
Chase,House,5,24,05x24,Both Sides Now,4
Foreman,Taub,5,24,05x24,Both Sides Now,3
Cameron,Foreman,5,24,05x24,Both Sides Now,3
Taub,Wilson,5,24,05x24,Both Sides Now,1
Amber,Kutner,5,24,05x24,Both Sides Now,1
House,Kutner,5,24,05x24,Both Sides Now,1
House,Wilson,6,2,06x02,Broken (Part 2),13
Foreman,Thirteen,6,3,06x03,Epic Fail,85
House,Wilson,6,3,06x03,Epic Fail,38
Cuddy,House,6,3,06x03,Epic Fail,22
Taub,Thirteen,6,3,06x03,Epic Fail,21
Foreman,Taub,6,3,06x03,Epic Fail,20
House,Thirteen,6,3,06x03,Epic Fail,14
Cuddy,Foreman,6,3,06x03,Epic Fail,8
Cameron,Foreman,6,3,06x03,Epic Fail,8
Chase,Foreman,6,3,06x03,Epic Fail,6
Cuddy,Wilson,6,3,06x03,Epic Fail,5
Foreman,House,6,3,06x03,Epic Fail,4
House,Wilson,6,4,06x04,The Tyrant,50
Foreman,House,6,4,06x04,The Tyrant,39
Chase,Foreman,6,4,06x04,The Tyrant,38
Cameron,Chase,6,4,06x04,The Tyrant,34
Foreman,Thirteen,6,4,06x04,The Tyrant,20
Cameron,Foreman,6,4,06x04,The Tyrant,16
Cameron,House,6,4,06x04,The Tyrant,7
Chase,House,6,4,06x04,The Tyrant,6
Cameron,Cuddy,6,4,06x04,The Tyrant,3
Chase,Cuddy,6,4,06x04,The Tyrant,2
Cuddy,House,6,4,06x04,The Tyrant,2
Cuddy,Foreman,6,4,06x04,The Tyrant,1
Chase,Foreman,6,5,06x05,Instant Karma,48
Foreman,House,6,5,06x05,Instant Karma,38
Cameron,Chase,6,5,06x05,Instant Karma,31
Cameron,Foreman,6,5,06x05,Instant Karma,26
House,Wilson,6,5,06x05,Instant Karma,24
House,Thirteen,6,5,06x05,Instant Karma,21
Thirteen,Wilson,6,5,06x05,Instant Karma,20
Cuddy,House,6,5,06x05,Instant Karma,19
Chase,House,6,5,06x05,Instant Karma,16
Cameron,House,6,5,06x05,Instant Karma,13
Chase,Cuddy,6,5,06x05,Instant Karma,12
Cuddy,Foreman,6,5,06x05,Instant Karma,11
Cameron,Cuddy,6,5,06x05,Instant Karma,1
Cuddy,House,6,6,06x06,Brave Heart,39
Cameron,Chase,6,6,06x06,Brave Heart,37
House,Wilson,6,6,06x06,Brave Heart,34
Chase,House,6,6,06x06,Brave Heart,29
Foreman,House,6,6,06x06,Brave Heart,26
Chase,Foreman,6,6,06x06,Brave Heart,25
Cameron,House,6,6,06x06,Brave Heart,24
Cameron,Foreman,6,6,06x06,Brave Heart,16
House,Wilson,6,7,06x07,Known Unknowns,74
Cuddy,House,6,7,06x07,Known Unknowns,40
Cameron,Chase,6,7,06x07,Known Unknowns,21
Cameron,Foreman,6,7,06x07,Known Unknowns,20
Chase,House,6,7,06x07,Known Unknowns,18
Chase,Foreman,6,7,06x07,Known Unknowns,10
Cuddy,Wilson,6,7,06x07,Known Unknowns,9
Cameron,House,6,7,06x07,Known Unknowns,6
Foreman,House,6,7,06x07,Known Unknowns,4
Foreman,Wilson,6,7,06x07,Known Unknowns,4
Cameron,Chase,6,8,06x08,Teamwork,33
Cameron,House,6,8,06x08,Teamwork,32
Chase,House,6,8,06x08,Teamwork,31
Chase,Foreman,6,8,06x08,Teamwork,23
House,Taub,6,8,06x08,Teamwork,23
House,Wilson,6,8,06x08,Teamwork,21
House,Thirteen,6,8,06x08,Teamwork,20
Foreman,House,6,8,06x08,Teamwork,19
Foreman,Thirteen,6,8,06x08,Teamwork,12
Cuddy,Wilson,6,8,06x08,Teamwork,7
Cuddy,House,6,8,06x08,Teamwork,5
Cameron,Foreman,6,8,06x08,Teamwork,5
Taub,Thirteen,6,8,06x08,Teamwork,4
Cuddy,Foreman,6,8,06x08,Teamwork,1
Chase,Cuddy,6,8,06x08,Teamwork,1
House,Wilson,6,9,06x09,Ignorance Is Bliss,42
Cuddy,House,6,9,06x09,Ignorance Is Bliss,38
Chase,House,6,9,06x09,Ignorance Is Bliss,28
Chase,Taub,6,9,06x09,Ignorance Is Bliss,27
Taub,Thirteen,6,9,06x09,Ignorance Is Bliss,27
House,Taub,6,9,06x09,Ignorance Is Bliss,26
House,Thirteen,6,9,06x09,Ignorance Is Bliss,16
Foreman,Taub,6,9,06x09,Ignorance Is Bliss,10
Foreman,House,6,9,06x09,Ignorance Is Bliss,10
Chase,Foreman,6,9,06x09,Ignorance Is Bliss,10
Chase,Thirteen,6,9,06x09,Ignorance Is Bliss,10
Foreman,Thirteen,6,9,06x09,Ignorance Is Bliss,8
House,Wilson,6,10,06x10,Wilson,121
Cuddy,Wilson,6,10,06x10,Wilson,30
Taub,Wilson,6,10,06x10,Wilson,7
House,Thirteen,6,10,06x10,Wilson,5
Foreman,Wilson,6,10,06x10,Wilson,4
Taub,Thirteen,6,10,06x10,Wilson,4
Chase,Wilson,6,10,06x10,Wilson,3
Chase,House,6,10,06x10,Wilson,3
Thirteen,Wilson,6,10,06x10,Wilson,2
Foreman,House,6,10,06x10,Wilson,1
House,Taub,6,10,06x10,Wilson,1
House,Wilson,6,11,06x11,The Down Low,38
Foreman,Taub,6,11,06x11,The Down Low,26
House,Thirteen,6,11,06x11,The Down Low,21
Chase,Thirteen,6,11,06x11,The Down Low,21
House,Taub,6,11,06x11,The Down Low,16
Chase,House,6,11,06x11,The Down Low,14
Chase,Taub,6,11,06x11,The Down Low,10
Taub,Thirteen,6,11,06x11,The Down Low,9
Cuddy,Foreman,6,11,06x11,The Down Low,7
Foreman,House,6,11,06x11,The Down Low,6
Foreman,Thirteen,6,11,06x11,The Down Low,3
Chase,Cuddy,6,11,06x11,The Down Low,3
Cuddy,Taub,6,11,06x11,The Down Low,2
Cuddy,Thirteen,6,11,06x11,The Down Low,2
Chase,Foreman,6,11,06x11,The Down Low,1
House,Wilson,6,12,06x12,Remorse,45
Foreman,Thirteen,6,12,06x12,Remorse,37
House,Thirteen,6,12,06x12,Remorse,28
Foreman,House,6,12,06x12,Remorse,26
House,Taub,6,12,06x12,Remorse,10
Chase,House,6,12,06x12,Remorse,10
Chase,Thirteen,6,12,06x12,Remorse,8
Cuddy,House,6,12,06x12,Remorse,7
Chase,Foreman,6,12,06x12,Remorse,3
Taub,Thirteen,6,12,06x12,Remorse,3
Cuddy,Thirteen,6,12,06x12,Remorse,2
Foreman,Taub,6,12,06x12,Remorse,1
House,Wilson,6,13,06x13,Moving the Chains,61
Foreman,House,6,13,06x13,Moving the Chains,45
House,Taub,6,13,06x13,Moving the Chains,21
Chase,House,6,13,06x13,Moving the Chains,14
House,Thirteen,6,13,06x13,Moving the Chains,8
Cuddy,House,6,13,06x13,Moving the Chains,7
Foreman,Thirteen,6,13,06x13,Moving the Chains,6
Cuddy,Foreman,6,13,06x13,Moving the Chains,6
Chase,Foreman,6,13,06x13,Moving the Chains,6
Chase,Taub,6,13,06x13,Moving the Chains,4
Foreman,Taub,6,13,06x13,Moving the Chains,3
Chase,Wilson,6,13,06x13,Moving the Chains,2
Taub,Wilson,6,13,06x13,Moving the Chains,2
Taub,Thirteen,6,13,06x13,Moving the Chains,2
Chase,Thirteen,6,13,06x13,Moving the Chains,1
Thirteen,Wilson,6,13,06x13,Moving the Chains,1
Cuddy,House,6,14,06x14,5 to 9,76
Cuddy,Wilson,6,14,06x14,5 to 9,13
Cuddy,Foreman,6,14,06x14,5 to 9,11
Chase,Cuddy,6,14,06x14,5 to 9,4
Cuddy,Taub,6,14,06x14,5 to 9,2
Taub,Thirteen,6,14,06x14,5 to 9,1
House,Thirteen,6,14,06x14,5 to 9,1
House,Taub,6,14,06x14,5 to 9,1
House,Wilson,6,15,06x15,Private Lives,66
Chase,Wilson,6,15,06x15,Private Lives,33
Chase,House,6,15,06x15,Private Lives,30
Chase,Thirteen,6,15,06x15,Private Lives,19
Foreman,House,6,15,06x15,Private Lives,11
Chase,Foreman,6,15,06x15,Private Lives,8
House,Thirteen,6,15,06x15,Private Lives,8
Taub,Thirteen,6,15,06x15,Private Lives,8
Chase,Taub,6,15,06x15,Private Lives,7
House,Taub,6,15,06x15,Private Lives,7
Cuddy,House,6,15,06x15,Private Lives,5
Cuddy,Thirteen,6,15,06x15,Private Lives,2
Foreman,Taub,6,15,06x15,Private Lives,2
Foreman,Thirteen,6,15,06x15,Private Lives,1
Taub,Wilson,6,15,06x15,Private Lives,1
Foreman,Wilson,6,15,06x15,Private Lives,1
Thirteen,Wilson,6,15,06x15,Private Lives,1
Chase,Cuddy,6,15,06x15,Private Lives,1
House,Taub,6,16,06x16,Black Hole,36
House,Wilson,6,16,06x16,Black Hole,35
Taub,Thirteen,6,16,06x16,Black Hole,35
Foreman,House,6,16,06x16,Black Hole,31
House,Thirteen,6,16,06x16,Black Hole,18
Foreman,Taub,6,16,06x16,Black Hole,15
Chase,House,6,16,06x16,Black Hole,13
Chase,Taub,6,16,06x16,Black Hole,13
Chase,Foreman,6,16,06x16,Black Hole,12
Chase,Thirteen,6,16,06x16,Black Hole,6
Cuddy,Wilson,6,16,06x16,Black Hole,6
Foreman,Thirteen,6,16,06x16,Black Hole,5
Foreman,Taub,6,17,06x17,Lockdown,62
Thirteen,Wilson,6,17,06x17,Lockdown,59
Cameron,Chase,6,17,06x17,Lockdown,44
House,Wilson,6,18,06x18,Knight Fall,50
House,Thirteen,6,18,06x18,Knight Fall,26
Chase,Taub,6,18,06x18,Knight Fall,25
Foreman,Thirteen,6,18,06x18,Knight Fall,21
Cuddy,House,6,18,06x18,Knight Fall,19
House,Taub,6,18,06x18,Knight Fall,18
Foreman,House,6,18,06x18,Knight Fall,17
Chase,House,6,18,06x18,Knight Fall,14
Cuddy,Wilson,6,18,06x18,Knight Fall,11
Chase,Thirteen,6,18,06x18,Knight Fall,10
Foreman,Taub,6,18,06x18,Knight Fall,10
Chase,Foreman,6,18,06x18,Knight Fall,7
Taub,Thirteen,6,18,06x18,Knight Fall,7
House,Thirteen,6,19,06x19,Open and Shut,30
House,Wilson,6,19,06x19,Open and Shut,21
Taub,Thirteen,6,19,06x19,Open and Shut,20
House,Taub,6,19,06x19,Open and Shut,18
Chase,Thirteen,6,19,06x19,Open and Shut,16
Chase,House,6,19,06x19,Open and Shut,14
Chase,Taub,6,19,06x19,Open and Shut,13
Cuddy,House,6,19,06x19,Open and Shut,10
Foreman,Taub,6,19,06x19,Open and Shut,6
Foreman,House,6,19,06x19,Open and Shut,4
Chase,Foreman,6,19,06x19,Open and Shut,4
Foreman,Thirteen,6,19,06x19,Open and Shut,2
Thirteen,Wilson,6,19,06x19,Open and Shut,2
Cuddy,Thirteen,6,19,06x19,Open and Shut,1
House,Taub,6,20,06x20,The Choice,64
Chase,House,6,20,06x20,The Choice,27
House,Wilson,6,20,06x20,The Choice,27
Taub,Thirteen,6,20,06x20,The Choice,26
House,Thirteen,6,20,06x20,The Choice,23
Cuddy,House,6,20,06x20,The Choice,19
Chase,Taub,6,20,06x20,The Choice,14
Chase,Thirteen,6,20,06x20,The Choice,11
Chase,Foreman,6,20,06x20,The Choice,7
Foreman,House,6,20,06x20,The Choice,6
Foreman,Thirteen,6,20,06x20,The Choice,3
Foreman,Taub,6,20,06x20,The Choice,2
House,Wilson,6,21,06x21,Baggage,18
Cuddy,Wilson,6,21,06x21,Baggage,12
House,Taub,6,21,06x21,Baggage,9
Cuddy,House,6,21,06x21,Baggage,5
Foreman,House,6,21,06x21,Baggage,5
Chase,House,6,21,06x21,Baggage,3
Chase,Foreman,6,21,06x21,Baggage,3
Chase,Thirteen,6,21,06x21,Baggage,2
House,Thirteen,6,21,06x21,Baggage,2
Chase,Taub,6,21,06x21,Baggage,1
Foreman,Thirteen,6,21,06x21,Baggage,1
Taub,Thirteen,6,21,06x21,Baggage,1
Cuddy,Taub,6,21,06x21,Baggage,1
Cuddy,House,6,22,06x22,Help Me,66
House,Taub,6,22,06x22,Help Me,15
Foreman,House,6,22,06x22,Help Me,12
Taub,Thirteen,6,22,06x22,Help Me,9
House,Wilson,6,22,06x22,Help Me,6
House,Thirteen,6,22,06x22,Help Me,6
Chase,House,6,22,06x22,Help Me,5
Chase,Foreman,6,22,06x22,Help Me,2
Foreman,Taub,6,22,06x22,Help Me,2
Chase,Thirteen,6,22,06x22,Help Me,2
Chase,Taub,6,22,06x22,Help Me,1
Cuddy,House,7,1,07x01,Now What?,113
House,Wilson,7,1,07x01,Now What?,34
Chase,Thirteen,7,1,07x01,Now What?,26
Foreman,Thirteen,7,1,07x01,Now What?,20
Chase,House,7,1,07x01,Now What?,15
Chase,Foreman,7,1,07x01,Now What?,12
Taub,Thirteen,7,1,07x01,Now What?,10
Chase,Taub,7,1,07x01,Now What?,9
Foreman,Taub,7,1,07x01,Now What?,7
Cuddy,Wilson,7,1,07x01,Now What?,1
Cuddy,House,7,2,07x02,Selfish,80
House,Taub,7,2,07x02,Selfish,52
House,Wilson,7,2,07x02,Selfish,28
Chase,Taub,7,2,07x02,Selfish,16
Chase,House,7,2,07x02,Selfish,14
Foreman,Taub,7,2,07x02,Selfish,13
Foreman,House,7,2,07x02,Selfish,11
Chase,Foreman,7,2,07x02,Selfish,9
Cuddy,Wilson,7,2,07x02,Selfish,3
Taub,Wilson,7,2,07x02,Selfish,2
Chase,Wilson,7,2,07x02,Selfish,2
Cuddy,Taub,7,2,07x02,Selfish,2
Chase,Cuddy,7,2,07x02,Selfish,1
Cuddy,Foreman,7,2,07x02,Selfish,1
Cuddy,House,7,3,07x03,Unwritten,69
House,Wilson,7,3,07x03,Unwritten,39
Foreman,House,7,3,07x03,Unwritten,22
House,Taub,7,3,07x03,Unwritten,20
Chase,House,7,3,07x03,Unwritten,14
Foreman,Taub,7,3,07x03,Unwritten,11
Chase,Foreman,7,3,07x03,Unwritten,9
Chase,Taub,7,3,07x03,Unwritten,8
Cuddy,Wilson,7,3,07x03,Unwritten,1
Cuddy,House,7,4,07x04,Massage Therapy,44
House,Wilson,7,4,07x04,Massage Therapy,30
Chase,Foreman,7,4,07x04,Massage Therapy,27
Chase,House,7,4,07x04,Massage Therapy,24
Foreman,Taub,7,4,07x04,Massage Therapy,18
House,Taub,7,4,07x04,Massage Therapy,12
Chase,Taub,7,4,07x04,Massage Therapy,11
Foreman,House,7,4,07x04,Massage Therapy,11
Chase,Wilson,7,4,07x04,Massage Therapy,1
House,Wilson,7,5,07x05,Unplanned Parenthood,69
Cuddy,House,7,5,07x05,Unplanned Parenthood,40
House,Taub,7,5,07x05,Unplanned Parenthood,35
Foreman,Taub,7,5,07x05,Unplanned Parenthood,22
Foreman,House,7,5,07x05,Unplanned Parenthood,20
Chase,Foreman,7,5,07x05,Unplanned Parenthood,8
Chase,Taub,7,5,07x05,Unplanned Parenthood,8
Chase,House,7,5,07x05,Unplanned Parenthood,5
Taub,Wilson,7,5,07x05,Unplanned Parenthood,2
Cuddy,Wilson,7,5,07x05,Unplanned Parenthood,1
House,Masters,7,6,07x06,Office Politics,90
Cuddy,House,7,6,07x06,Office Politics,43
Foreman,Taub,7,6,07x06,Office Politics,42
Foreman,House,7,6,07x06,Office Politics,29
Masters,Taub,7,6,07x06,Office Politics,22
House,Taub,7,6,07x06,Office Politics,19
Chase,Taub,7,6,07x06,Office Politics,17
Chase,House,7,6,07x06,Office Politics,16
Cuddy,Masters,7,6,07x06,Office Politics,16
Chase,Foreman,7,6,07x06,Office Politics,9
House,Wilson,7,6,07x06,Office Politics,9
Foreman,Masters,7,6,07x06,Office Politics,2
Cuddy,Taub,7,6,07x06,Office Politics,1
Cuddy,Foreman,7,6,07x06,Office Politics,1
Chase,Masters,7,6,07x06,Office Politics,1
House,Masters,7,7,07x07,A Pox On Our House,55
Foreman,House,7,7,07x07,A Pox On Our House,28
Cuddy,House,7,7,07x07,A Pox On Our House,26
House,Taub,7,7,07x07,A Pox On Our House,23
House,Wilson,7,7,07x07,A Pox On Our House,13
Foreman,Masters,7,7,07x07,A Pox On Our House,11
Chase,House,7,7,07x07,A Pox On Our House,9
Masters,Taub,7,7,07x07,A Pox On Our House,8
Cuddy,Foreman,7,7,07x07,A Pox On Our House,5
Chase,Masters,7,7,07x07,A Pox On Our House,4
Chase,Foreman,7,7,07x07,A Pox On Our House,2
Chase,Taub,7,7,07x07,A Pox On Our House,2
Taub,Wilson,7,7,07x07,A Pox On Our House,1
Foreman,Taub,7,7,07x07,A Pox On Our House,1
Cuddy,House,7,8,07x08,Small Sacrifices,49
House,Wilson,7,8,07x08,Small Sacrifices,45
Chase,Masters,7,8,07x08,Small Sacrifices,21
Chase,Foreman,7,8,07x08,Small Sacrifices,18
House,Masters,7,8,07x08,Small Sacrifices,16
Chase,Taub,7,8,07x08,Small Sacrifices,14
House,Taub,7,8,07x08,Small Sacrifices,10
Chase,House,7,8,07x08,Small Sacrifices,5
Foreman,House,7,8,07x08,Small Sacrifices,5
Foreman,Masters,7,8,07x08,Small Sacrifices,4
Masters,Taub,7,8,07x08,Small Sacrifices,3
Foreman,Taub,7,8,07x08,Small Sacrifices,3
House,Masters,7,9,07x09,Larger than Life,28
Cuddy,House,7,9,07x09,Larger than Life,26
House,Taub,7,9,07x09,Larger than Life,19
Masters,Taub,7,9,07x09,Larger than Life,18
Chase,House,7,9,07x09,Larger than Life,17
Chase,Foreman,7,9,07x09,Larger than Life,16
House,Wilson,7,9,07x09,Larger than Life,15
Chase,Masters,7,9,07x09,Larger than Life,14
Chase,Taub,7,9,07x09,Larger than Life,13
Foreman,House,7,9,07x09,Larger than Life,12
Foreman,Masters,7,9,07x09,Larger than Life,9
Cuddy,Wilson,7,9,07x09,Larger than Life,2
Foreman,Taub,7,9,07x09,Larger than Life,1
Cuddy,Taub,7,9,07x09,Larger than Life,1
Foreman,Masters,7,10,07x10,Carrot or Stick,17
Chase,Taub,7,10,07x10,Carrot or Stick,14
House,Masters,7,10,07x10,Carrot or Stick,12
Cuddy,House,7,10,07x10,Carrot or Stick,9
Chase,Masters,7,10,07x10,Carrot or Stick,9
Chase,Foreman,7,10,07x10,Carrot or Stick,8
House,Wilson,7,10,07x10,Carrot or Stick,7
Chase,House,7,10,07x10,Carrot or Stick,6
Foreman,House,7,10,07x10,Carrot or Stick,6
Masters,Taub,7,10,07x10,Carrot or Stick,4
Foreman,Taub,7,10,07x10,Carrot or Stick,4
House,Taub,7,10,07x10,Carrot or Stick,3
Cuddy,House,7,11,07x11,Family Practice,69
Foreman,House,7,11,07x11,Family Practice,22
House,Masters,7,11,07x11,Family Practice,21
Masters,Taub,7,11,07x11,Family Practice,13
Foreman,Taub,7,11,07x11,Family Practice,12
Chase,Foreman,7,11,07x11,Family Practice,10
House,Taub,7,11,07x11,Family Practice,10
Chase,House,7,11,07x11,Family Practice,8
Cuddy,Masters,7,11,07x11,Family Practice,6
Chase,Masters,7,11,07x11,Family Practice,2
Foreman,Masters,7,11,07x11,Family Practice,2
Cuddy,Taub,7,11,07x11,Family Practice,2
Chase,Taub,7,11,07x11,Family Practice,1
Chase,Cuddy,7,11,07x11,Family Practice,1
Foreman,Taub,7,12,07x12,You Must Remember This,69
House,Wilson,7,12,07x12,You Must Remember This,38
House,Masters,7,12,07x12,You Must Remember This,21
Cuddy,House,7,12,07x12,You Must Remember This,17
Chase,House,7,12,07x12,You Must Remember This,16
Foreman,House,7,12,07x12,You Must Remember This,16
Chase,Masters,7,12,07x12,You Must Remember This,12
House,Taub,7,12,07x12,You Must Remember This,11
Foreman,Masters,7,12,07x12,You Must Remember This,8
Masters,Taub,7,12,07x12,You Must Remember This,4
Chase,Foreman,7,12,07x12,You Must Remember This,2
Chase,Taub,7,12,07x12,You Must Remember This,2
Cuddy,House,7,13,07x13,Two Stories,42
Foreman,House,7,13,07x13,Two Stories,31
House,Wilson,7,13,07x13,Two Stories,16
Chase,Masters,7,13,07x13,Two Stories,5
Foreman,Masters,7,13,07x13,Two Stories,3
Foreman,Taub,7,13,07x13,Two Stories,3
Chase,Foreman,7,13,07x13,Two Stories,3
House,Masters,7,13,07x13,Two Stories,3
Masters,Taub,7,13,07x13,Two Stories,2
Chase,Taub,7,13,07x13,Two Stories,2
Chase,House,7,13,07x13,Two Stories,1
Foreman,Wilson,7,13,07x13,Two Stories,1
Foreman,Taub,7,14,07x14,Recession Proof,54
Chase,Masters,7,14,07x14,Recession Proof,48
House,Wilson,7,14,07x14,Recession Proof,40
House,Masters,7,14,07x14,Recession Proof,19
Chase,House,7,14,07x14,Recession Proof,17
Foreman,House,7,14,07x14,Recession Proof,17
Cuddy,House,7,14,07x14,Recession Proof,13
House,Taub,7,14,07x14,Recession Proof,12
Chase,Foreman,7,14,07x14,Recession Proof,12
Foreman,Masters,7,14,07x14,Recession Proof,11
Cuddy,Wilson,7,14,07x14,Recession Proof,5
Chase,Taub,7,14,07x14,Recession Proof,4
Taub,Wilson,7,14,07x14,Recession Proof,2
Masters,Wilson,7,14,07x14,Recession Proof,1
Foreman,Wilson,7,14,07x14,Recession Proof,1
Cuddy,House,7,15,07x15,Bombshells,46
House,Masters,7,15,07x15,Bombshells,19
House,Wilson,7,15,07x15,Bombshells,19
Masters,Taub,7,15,07x15,Bombshells,13
Chase,House,7,15,07x15,Bombshells,12
Cuddy,Wilson,7,15,07x15,Bombshells,11
Foreman,House,7,15,07x15,Bombshells,11
Foreman,Taub,7,15,07x15,Bombshells,10
House,Taub,7,15,07x15,Bombshells,7
Foreman,Wilson,7,15,07x15,Bombshells,7
Chase,Cuddy,7,15,07x15,Bombshells,6
Foreman,Masters,7,15,07x15,Bombshells,5
Chase,Foreman,7,15,07x15,Bombshells,5
Chase,Taub,7,15,07x15,Bombshells,4
Chase,Masters,7,15,07x15,Bombshells,4
Masters,Taub,7,16,07x16,Out Of The Chute,49
House,Wilson,7,16,07x16,Out Of The Chute,41
Foreman,House,7,16,07x16,Out Of The Chute,25
House,Masters,7,16,07x16,Out Of The Chute,18
House,Taub,7,16,07x16,Out Of The Chute,15
Chase,House,7,16,07x16,Out Of The Chute,14
Cuddy,Wilson,7,16,07x16,Out Of The Chute,13
Chase,Foreman,7,16,07x16,Out Of The Chute,10
Chase,Taub,7,16,07x16,Out Of The Chute,9
Foreman,Masters,7,16,07x16,Out Of The Chute,9
Cuddy,House,7,16,07x16,Out Of The Chute,5
Foreman,Taub,7,16,07x16,Out Of The Chute,4
Chase,Masters,7,16,07x16,Out Of The Chute,2
Cuddy,House,7,17,07x17,Fall From Grace,26
House,Taub,7,17,07x17,Fall From Grace,23
House,Masters,7,17,07x17,Fall From Grace,23
Chase,Taub,7,17,07x17,Fall From Grace,16
House,Wilson,7,17,07x17,Fall From Grace,14
Masters,Taub,7,17,07x17,Fall From Grace,13
Foreman,Masters,7,17,07x17,Fall From Grace,10
Cuddy,Wilson,7,17,07x17,Fall From Grace,10
Foreman,House,7,17,07x17,Fall From Grace,9
Chase,Masters,7,17,07x17,Fall From Grace,9
Foreman,Taub,7,17,07x17,Fall From Grace,9
Chase,House,7,17,07x17,Fall From Grace,8
Chase,Foreman,7,17,07x17,Fall From Grace,5
House,Masters,7,19,07x19,Last Temptation,64
Masters,Thirteen,7,19,07x19,Last Temptation,25
Masters,Wilson,7,19,07x19,Last Temptation,18
Chase,Masters,7,19,07x19,Last Temptation,14
Cuddy,Masters,7,19,07x19,Last Temptation,8
Foreman,Masters,7,19,07x19,Last Temptation,8
Chase,House,7,19,07x19,Last Temptation,6
Foreman,House,7,19,07x19,Last Temptation,5
House,Thirteen,7,19,07x19,Last Temptation,5
Chase,Foreman,7,19,07x19,Last Temptation,4
Foreman,Thirteen,7,19,07x19,Last Temptation,4
Masters,Taub,7,19,07x19,Last Temptation,4
Chase,Thirteen,7,19,07x19,Last Temptation,3
House,Taub,7,19,07x19,Last Temptation,3
House,Wilson,7,19,07x19,Last Temptation,3
Foreman,Taub,7,19,07x19,Last Temptation,2
Taub,Thirteen,7,19,07x19,Last Temptation,1
Chase,Taub,7,19,07x19,Last Temptation,1
House,Wilson,7,20,07x20,Changes,34
House,Thirteen,7,20,07x20,Changes,33
Cuddy,House,7,20,07x20,Changes,31
Foreman,Taub,7,20,07x20,Changes,23
House,Taub,7,20,07x20,Changes,22
Foreman,House,7,20,07x20,Changes,20
Chase,Foreman,7,20,07x20,Changes,19
Taub,Thirteen,7,20,07x20,Changes,15
Chase,House,7,20,07x20,Changes,7
Foreman,Thirteen,7,20,07x20,Changes,5
Cuddy,Wilson,7,20,07x20,Changes,4
Chase,Taub,7,20,07x20,Changes,3
Chase,Thirteen,7,20,07x20,Changes,2
Taub,Wilson,7,20,07x20,Changes,2
Cuddy,Taub,7,20,07x20,Changes,1
House,Wilson,7,21,07x21,The Fix,39
Foreman,Taub,7,21,07x21,The Fix,21
Foreman,Thirteen,7,21,07x21,The Fix,19
House,Thirteen,7,21,07x21,The Fix,19
Chase,Thirteen,7,21,07x21,The Fix,18
Chase,Taub,7,21,07x21,The Fix,14
House,Taub,7,21,07x21,The Fix,10
Foreman,Wilson,7,21,07x21,The Fix,10
Cuddy,Foreman,7,21,07x21,The Fix,9
Foreman,House,7,21,07x21,The Fix,8
Chase,Foreman,7,21,07x21,The Fix,7
Taub,Thirteen,7,21,07x21,The Fix,6
Chase,House,7,21,07x21,The Fix,3
Taub,Wilson,7,21,07x21,The Fix,1
Chase,Thirteen,7,22,07x22,After Hours,75
Cuddy,House,7,22,07x22,After Hours,26
Foreman,Taub,7,22,07x22,After Hours,21
House,Thirteen,7,22,07x22,After Hours,13
House,Wilson,7,22,07x22,After Hours,9
Chase,House,7,22,07x22,After Hours,5
Chase,Taub,7,22,07x22,After Hours,1
Taub,Thirteen,7,22,07x22,After Hours,1
Foreman,Thirteen,7,22,07x22,After Hours,1
Cuddy,House,7,23,07x23,Moving On,47
House,Wilson,7,23,07x23,Moving On,24
Foreman,House,7,23,07x23,Moving On,22
House,Thirteen,7,23,07x23,Moving On,21
Chase,House,7,23,07x23,Moving On,12
Foreman,Taub,7,23,07x23,Moving On,8
Foreman,Thirteen,7,23,07x23,Moving On,7
Chase,Thirteen,7,23,07x23,Moving On,6
Chase,Foreman,7,23,07x23,Moving On,5
House,Taub,7,23,07x23,Moving On,4
Chase,Taub,7,23,07x23,Moving On,3
Taub,Thirteen,7,23,07x23,Moving On,1
Cuddy,Foreman,7,23,07x23,Moving On,1
Adams,House,8,1,08x01,Twenty Vicodin,80
House,Park,8,2,08x02,Transplant,74
House,Wilson,8,2,08x02,Transplant,50
Foreman,House,8,2,08x02,Transplant,45
Foreman,Park,8,2,08x02,Transplant,37
House,Park,8,3,08x03,Charity Case,59
House,Thirteen,8,3,08x03,Charity Case,57
House,Wilson,8,3,08x03,Charity Case,48
Adams,House,8,3,08x03,Charity Case,43
Adams,Park,8,3,08x03,Charity Case,37
Foreman,House,8,3,08x03,Charity Case,27
Foreman,Park,8,3,08x03,Charity Case,3
Park,Thirteen,8,3,08x03,Charity Case,3
Adams,Thirteen,8,3,08x03,Charity Case,3
Adams,Wilson,8,3,08x03,Charity Case,1
Foreman,Wilson,8,3,08x03,Charity Case,1
Adams,Foreman,8,3,08x03,Charity Case,1
Adams,House,8,4,08x04,Risky Business,80
House,Park,8,4,08x04,Risky Business,63
Adams,Park,8,4,08x04,Risky Business,19
Foreman,House,8,4,08x04,Risky Business,15
Foreman,Park,8,4,08x04,Risky Business,15
Park,Wilson,8,4,08x04,Risky Business,12
Adams,Foreman,8,4,08x04,Risky Business,11
House,Wilson,8,4,08x04,Risky Business,8
Adams,Chase,8,5,08x05,The Confession,34
House,Taub,8,5,08x05,The Confession,33
House,Park,8,5,08x05,The Confession,31
Chase,Foreman,8,5,08x05,The Confession,23
Park,Taub,8,5,08x05,The Confession,17
House,Wilson,8,5,08x05,The Confession,11
Chase,Taub,8,5,08x05,The Confession,10
Foreman,Taub,8,5,08x05,The Confession,10
Chase,House,8,5,08x05,The Confession,9
Adams,House,8,5,08x05,The Confession,8
Foreman,Wilson,8,5,08x05,The Confession,8
Adams,Park,8,5,08x05,The Confession,5
Chase,Park,8,5,08x05,The Confession,4
Taub,Wilson,8,5,08x05,The Confession,4
Adams,Taub,8,5,08x05,The Confession,3
Adams,Foreman,8,5,08x05,The Confession,1
House,Taub,8,6,08x06,Parents,37
Adams,House,8,6,08x06,Parents,36
Chase,Taub,8,6,08x06,Parents,14
House,Wilson,8,6,08x06,Parents,12
Park,Taub,8,6,08x06,Parents,11
Adams,Chase,8,6,08x06,Parents,11
Foreman,House,8,6,08x06,Parents,11
Chase,House,8,6,08x06,Parents,9
House,Park,8,6,08x06,Parents,8
Adams,Taub,8,6,08x06,Parents,8
Foreman,Wilson,8,6,08x06,Parents,8
Chase,Park,8,6,08x06,Parents,4
Adams,Park,8,6,08x06,Parents,2
House,Wilson,8,7,08x07,Dead & Buried,30
Chase,Taub,8,7,08x07,Dead & Buried,19
Adams,Chase,8,7,08x07,Dead & Buried,14
Chase,House,8,7,08x07,Dead & Buried,14
Foreman,Wilson,8,7,08x07,Dead & Buried,14
Foreman,House,8,7,08x07,Dead & Buried,11
Adams,House,8,7,08x07,Dead & Buried,11
Adams,Taub,8,7,08x07,Dead & Buried,10
House,Taub,8,7,08x07,Dead & Buried,8
Chase,Park,8,7,08x07,Dead & Buried,8
Adams,Park,8,7,08x07,Dead & Buried,7
Park,Taub,8,7,08x07,Dead & Buried,6
House,Park,8,7,08x07,Dead & Buried,4
Foreman,Taub,8,7,08x07,Dead & Buried,1
House,Wilson,8,8,08x08,Perils of Paranoia,54
Adams,Park,8,8,08x08,Perils of Paranoia,38
House,Park,8,8,08x08,Perils of Paranoia,37
Adams,Chase,8,8,08x08,Perils of Paranoia,33
Adams,House,8,8,08x08,Perils of Paranoia,28
Foreman,Taub,8,8,08x08,Perils of Paranoia,23
Chase,Park,8,8,08x08,Perils of Paranoia,22
Park,Taub,8,8,08x08,Perils of Paranoia,15
Foreman,House,8,8,08x08,Perils of Paranoia,13
House,Taub,8,8,08x08,Perils of Paranoia,13
Chase,House,8,8,08x08,Perils of Paranoia,12
Chase,Taub,8,8,08x08,Perils of Paranoia,9
Adams,Taub,8,8,08x08,Perils of Paranoia,5
Chase,Foreman,8,8,08x08,Perils of Paranoia,4
Chase,Wilson,8,8,08x08,Perils of Paranoia,1
Foreman,Park,8,8,08x08,Perils of Paranoia,1
Foreman,House,8,9,08x09,Better Half,68
House,Wilson,8,9,08x09,Better Half,39
Adams,House,8,9,08x09,Better Half,25
Adams,Chase,8,9,08x09,Better Half,20
Chase,Foreman,8,9,08x09,Better Half,17
House,Park,8,9,08x09,Better Half,8
Chase,Park,8,9,08x09,Better Half,7
Chase,House,8,9,08x09,Better Half,6
Adams,Park,8,9,08x09,Better Half,5
Foreman,Park,8,9,08x09,Better Half,4
Adams,Foreman,8,9,08x09,Better Half,3
Adams,House,8,10,08x10,Runaways,43
Foreman,House,8,10,08x10,Runaways,17
House,Wilson,8,10,08x10,Runaways,17
Adams,Taub,8,10,08x10,Runaways,15
Adams,Park,8,10,08x10,Runaways,11
Taub,Wilson,8,10,08x10,Runaways,10
Chase,Taub,8,10,08x10,Runaways,8
Chase,House,8,10,08x10,Runaways,8
Adams,Chase,8,10,08x10,Runaways,8
House,Taub,8,10,08x10,Runaways,7
Chase,Foreman,8,10,08x10,Runaways,7
Foreman,Taub,8,10,08x10,Runaways,6
House,Park,8,10,08x10,Runaways,5
Adams,Foreman,8,10,08x10,Runaways,3
Chase,House,8,11,08x11,Nobody's Fault,17
Adams,Taub,8,11,08x11,Nobody's Fault,14
Adams,House,8,11,08x11,Nobody's Fault,13
House,Taub,8,11,08x11,Nobody's Fault,10
Foreman,House,8,11,08x11,Nobody's Fault,9
House,Park,8,11,08x11,Nobody's Fault,9
Adams,Chase,8,11,08x11,Nobody's Fault,8
Park,Taub,8,11,08x11,Nobody's Fault,3
Adams,Park,8,11,08x11,Nobody's Fault,3
Chase,Taub,8,11,08x11,Nobody's Fault,3
Chase,Park,8,11,08x11,Nobody's Fault,3
Foreman,Park,8,11,08x11,Nobody's Fault,1
Chase,House,8,12,08x12,Chase,67
Adams,Chase,8,12,08x12,Chase,27
Chase,Park,8,12,08x12,Chase,23
Chase,Taub,8,12,08x12,Chase,16
Chase,Foreman,8,12,08x12,Chase,14
House,Taub,8,12,08x12,Chase,8
Adams,House,8,12,08x12,Chase,6
Adams,Taub,8,12,08x12,Chase,4
Chase,Wilson,8,12,08x12,Chase,3
Park,Taub,8,12,08x12,Chase,3
House,Wilson,8,12,08x12,Chase,1
Adams,Foreman,8,12,08x12,Chase,1
Foreman,House,8,12,08x12,Chase,1
House,Taub,8,13,08x13,Man of the House,29
Adams,Taub,8,13,08x13,Man of the House,22
Chase,House,8,13,08x13,Man of the House,20
House,Park,8,13,08x13,Man of the House,18
Chase,Park,8,13,08x13,Man of the House,15
Adams,House,8,13,08x13,Man of the House,14
House,Wilson,8,13,08x13,Man of the House,13
Adams,Chase,8,13,08x13,Man of the House,11
Park,Taub,8,13,08x13,Man of the House,7
Adams,Park,8,13,08x13,Man of the House,7
Chase,Foreman,8,13,08x13,Man of the House,7
Chase,Taub,8,13,08x13,Man of the House,5
Park,Wilson,8,13,08x13,Man of the House,4
House,Wilson,8,14,08x14,Love Is Blind,34
Park,Taub,8,14,08x14,Love Is Blind,22
Adams,Chase,8,14,08x14,Love Is Blind,21
Adams,Taub,8,14,08x14,Love Is Blind,16
Adams,House,8,14,08x14,Love Is Blind,11
House,Park,8,14,08x14,Love Is Blind,10
House,Taub,8,14,08x14,Love Is Blind,9
Chase,House,8,14,08x14,Love Is Blind,9
Chase,Taub,8,14,08x14,Love Is Blind,6
Park,Wilson,8,14,08x14,Love Is Blind,4
Adams,Park,8,14,08x14,Love Is Blind,3
Chase,Park,8,14,08x14,Love Is Blind,3
Taub,Wilson,8,14,08x14,Love Is Blind,1
House,Taub,8,15,08x15,Blowing the Whistle,28
House,Wilson,8,15,08x15,Blowing the Whistle,28
Adams,House,8,15,08x15,Blowing the Whistle,22
Adams,Taub,8,15,08x15,Blowing the Whistle,17
Chase,House,8,15,08x15,Blowing the Whistle,15
Foreman,House,8,15,08x15,Blowing the Whistle,14
House,Park,8,15,08x15,Blowing the Whistle,13
Chase,Park,8,15,08x15,Blowing the Whistle,13
Chase,Taub,8,15,08x15,Blowing the Whistle,13
Adams,Park,8,15,08x15,Blowing the Whistle,10
Adams,Chase,8,15,08x15,Blowing the Whistle,9
Adams,Wilson,8,15,08x15,Blowing the Whistle,6
Park,Taub,8,15,08x15,Blowing the Whistle,5
Chase,Foreman,8,15,08x15,Blowing the Whistle,4
Foreman,Taub,8,15,08x15,Blowing the Whistle,4
Adams,Foreman,8,15,08x15,Blowing the Whistle,2
House,Wilson,8,16,08x16,Gut Check,59
House,Taub,8,16,08x16,Gut Check,46
Chase,Park,8,16,08x16,Gut Check,33
Park,Taub,8,16,08x16,Gut Check,17
Chase,Taub,8,16,08x16,Gut Check,14
Chase,House,8,16,08x16,Gut Check,13
Adams,Taub,8,16,08x16,Gut Check,11
House,Park,8,16,08x16,Gut Check,8
Adams,House,8,16,08x16,Gut Check,6
Adams,Chase,8,16,08x16,Gut Check,4
Adams,Park,8,16,08x16,Gut Check,1
Adams,Chase,8,17,08x17,We Need The Eggs,50
House,Taub,8,17,08x17,We Need The Eggs,26
Adams,House,8,17,08x17,We Need The Eggs,22
House,Wilson,8,17,08x17,We Need The Eggs,21
Chase,House,8,17,08x17,We Need The Eggs,17
Park,Taub,8,17,08x17,We Need The Eggs,12
House,Park,8,17,08x17,We Need The Eggs,11
Chase,Park,8,17,08x17,We Need The Eggs,7
Adams,Park,8,17,08x17,We Need The Eggs,7
Adams,Taub,8,17,08x17,We Need The Eggs,5
Chase,Taub,8,17,08x17,We Need The Eggs,1
Chase,Park,8,18,08x18,Body and Soul,35
Park,Taub,8,18,08x18,Body and Soul,29
House,Taub,8,18,08x18,Body and Soul,24
Adams,House,8,18,08x18,Body and Soul,20
Chase,House,8,18,08x18,Body and Soul,16
House,Park,8,18,08x18,Body and Soul,15
Foreman,House,8,18,08x18,Body and Soul,11
House,Wilson,8,18,08x18,Body and Soul,11
Adams,Taub,8,18,08x18,Body and Soul,10
Adams,Park,8,18,08x18,Body and Soul,9
Chase,Taub,8,18,08x18,Body and Soul,7
Adams,Chase,8,18,08x18,Body and Soul,4
Taub,Wilson,8,18,08x18,Body and Soul,1
House,Wilson,8,19,08x19,The C Word,67
Adams,Chase,8,19,08x19,The C Word,10
Adams,Taub,8,19,08x19,The C Word,7
Park,Taub,8,19,08x19,The C Word,7
Chase,Park,8,19,08x19,The C Word,6
Chase,Taub,8,19,08x19,The C Word,5
Chase,Foreman,8,19,08x19,The C Word,4
Adams,Park,8,19,08x19,The C Word,2
Foreman,Taub,8,19,08x19,The C Word,1
House,Wilson,8,20,08x20,Post Mortem,86
Chase,Foreman,8,20,08x20,Post Mortem,24
Chase,Taub,8,20,08x20,Post Mortem,20
Chase,Park,8,20,08x20,Post Mortem,19
Park,Taub,8,20,08x20,Post Mortem,18
Adams,Chase,8,20,08x20,Post Mortem,14
Foreman,Taub,8,20,08x20,Post Mortem,10
Chase,House,8,20,08x20,Post Mortem,7
Adams,House,8,20,08x20,Post Mortem,6
Adams,Taub,8,20,08x20,Post Mortem,6
Foreman,House,8,20,08x20,Post Mortem,3
House,Park,8,20,08x20,Post Mortem,3
Adams,Park,8,20,08x20,Post Mortem,3
House,Taub,8,20,08x20,Post Mortem,2
Chase,Wilson,8,20,08x20,Post Mortem,2
Adams,Foreman,8,20,08x20,Post Mortem,2
Foreman,Park,8,20,08x20,Post Mortem,2
House,Wilson,8,21,08x21,Holding On,70
House,Taub,8,21,08x21,Holding On,16
Adams,House,8,21,08x21,Holding On,13
Adams,Taub,8,21,08x21,Holding On,13
Thirteen,Wilson,8,21,08x21,Holding On,13
Foreman,House,8,21,08x21,Holding On,12
Park,Taub,8,21,08x21,Holding On,8
Foreman,Wilson,8,21,08x21,Holding On,8
House,Thirteen,8,21,08x21,Holding On,7
House,Park,8,21,08x21,Holding On,6
Foreman,Taub,8,21,08x21,Holding On,4
Adams,Park,8,21,08x21,Holding On,1
House,Wilson,8,22,08x22,Everybody Dies,32
Amber,House,8,22,08x22,Everybody Dies,28
Foreman,House,8,22,08x22,Everybody Dies,17
House,Stacy,8,22,08x22,Everybody Dies,17
House,Kutner,8,22,08x22,Everybody Dies,16
Foreman,Wilson,8,22,08x22,Everybody Dies,16
Cameron,House,8,22,08x22,Everybody Dies,13
Adams,Park,8,22,08x22,Everybody Dies,5
Adams,House,8,22,08x22,Everybody Dies,3
House,Taub,8,22,08x22,Everybody Dies,2
Park,Taub,8,22,08x22,Everybody Dies,2
House,Park,8,22,08x22,Everybody Dies,1
Adams,Taub,8,22,08x22,Everybody Dies,1
Amber,Kutner,8,22,08x22,Everybody Dies,1
Adams,Masters,8,22,08x22,Everybody Dies,1
Foreman,Taub,8,22,08x22,Everybody Dies,1
Taub,Thirteen,8,22,08x22,Everybody Dies,1
Chase,Thirteen,8,22,08x22,Everybody Dies,1
Cameron,Chase,8,22,08x22,Everybody Dies,1
Cameron,Wilson,8,22,08x22,Everybody Dies,1
